ts,date,username,label,followers,media_count,is_own
2026-08-10,2026-08-10,musinsa.official,무신사,551500,19280,0
2026-08-10,2026-08-10,toss.im,토스,79892,984,0
2026-08-10,2026-08-10,todayhouse,오늘의집,1305255,13224,0
2026-08-10,2026-08-10,naver_official,네이버,143200,820,0
2026-08-10,2026-08-10,omg_electronics,오목교 전자상가,7297,50,0
2026-08-10,2026-08-10,29cm.home,29CM 홈,137607,955,0
2026-08-10,2026-08-10,pineinfo_insta,파인인포,13425,228,0
2026-08-10 12:34,2026-08-10,musinsa.official,무신사,551503,19280,0
2026-08-10 12:34,2026-08-10,toss.im,토스,79892,984,0
2026-08-10 12:34,2026-08-10,todayhouse,오늘의집,1305257,13224,0
2026-08-10 12:34,2026-08-10,naver_official,네이버,143200,820,0
2026-08-10 12:34,2026-08-10,omg_electronics,오목교 전자상가,7297,50,0
2026-08-10 12:34,2026-08-10,29cm.home,29CM 홈,137608,955,0
2026-08-10 12:34,2026-08-10,pineinfo_insta,파인인포,13425,228,0
2026-08-10 12:34,2026-08-10,gmarket_official,지마켓,296495,2264,0
2026-08-10 12:34,2026-08-10,kream.co.kr,크림,372885,3574,0
2026-08-10 12:34,2026-08-10,marketkurly,컬리,212629,3133,0
2026-08-10 17:01,2026-08-10,musinsa.official,무신사,551550,19280,0
2026-08-10 17:01,2026-08-10,toss.im,토스,79905,984,0
2026-08-10 17:01,2026-08-10,todayhouse,오늘의집,1305280,13225,0
2026-08-10 17:01,2026-08-10,naver_official,네이버,143216,821,0
2026-08-10 17:01,2026-08-10,omg_electronics,오목교 전자상가,7300,51,0
2026-08-10 17:01,2026-08-10,29cm.home,29CM 홈,137630,955,0
2026-08-10 17:01,2026-08-10,pineinfo_insta,파인인포,13427,228,0
2026-08-10 17:01,2026-08-10,gmarket_official,지마켓,296501,2264,0
2026-08-10 17:01,2026-08-10,kream.co.kr,크림,372889,3574,0
2026-08-10 17:01,2026-08-10,marketkurly,컬리,212678,3133,0
2026-08-11 09:01,2026-08-11,musinsa.official,무신사,551579,19281,0
2026-08-11 09:01,2026-08-11,toss.im,토스,80070,985,0
2026-08-11 09:01,2026-08-11,todayhouse,오늘의집,1305271,13227,0
2026-08-11 09:01,2026-08-11,naver_official,네이버,143283,821,0
2026-08-11 09:01,2026-08-11,omg_electronics,오목교 전자상가,7298,54,0
2026-08-11 09:01,2026-08-11,29cm.home,29CM 홈,137942,956,0
2026-08-11 09:01,2026-08-11,pineinfo_insta,파인인포,13420,228,0
2026-08-11 09:01,2026-08-11,gmarket_official,지마켓,296500,2264,0
2026-08-11 09:01,2026-08-11,kream.co.kr,크림,372813,3574,0
2026-08-11 09:01,2026-08-11,marketkurly,컬리,212926,3133,0
2026-08-12 09:01,2026-08-12,toss.im,토스,80271,986,0
2026-08-12 09:01,2026-08-12,todayhouse,오늘의집,1305197,13231,0
2026-08-12 09:01,2026-08-12,naver_official,네이버,143435,822,0
2026-08-12 09:01,2026-08-12,omg_electronics,오목교 전자상가,7291,54,0
2026-08-12 09:01,2026-08-12,29cm.home,29CM 홈,138059,957,0
2026-08-12 09:01,2026-08-12,pineinfo_insta,파인인포,13402,229,0
2026-08-12 09:01,2026-08-12,gmarket_official,지마켓,296480,2265,0
2026-08-12 09:01,2026-08-12,kream.co.kr,크림,372680,3575,0
2026-08-12 09:01,2026-08-12,marketkurly,컬리,213309,3133,0
2026-08-12 17:58,2026-08-12,musinsa.official,무신사,551753,19285,0
2026-08-12 17:58,2026-08-12,toss.im,토스,80336,986,0
2026-08-12 17:58,2026-08-12,todayhouse,오늘의집,1305186,13235,0
2026-08-12 17:58,2026-08-12,naver_official,네이버,143487,821,0
2026-08-12 17:58,2026-08-12,omg_electronics,오목교 전자상가,7291,54,0
2026-08-12 17:58,2026-08-12,29cm.home,29CM 홈,138086,958,0
2026-08-12 17:58,2026-08-12,pineinfo_insta,파인인포,13393,230,0
2026-08-12 17:58,2026-08-12,gmarket_official,지마켓,296480,2265,0
2026-08-12 17:58,2026-08-12,kream.co.kr,크림,372652,3576,0
2026-08-12 17:58,2026-08-12,marketkurly,컬리,213433,3134,0
2026-08-13 09:25,2026-08-13,musinsa.official,무신사,551894,19285,0
2026-08-13 09:25,2026-08-13,toss.im,토스,80411,987,0
2026-08-13 09:25,2026-08-13,todayhouse,오늘의집,1305174,13236,0
2026-08-13 09:25,2026-08-13,naver_official,네이버,143528,822,0
2026-08-13 09:25,2026-08-13,omg_electronics,오목교 전자상가,7291,54,0
2026-08-13 09:25,2026-08-13,29cm.home,29CM 홈,138100,958,0
2026-08-13 09:25,2026-08-13,pineinfo_insta,파인인포,13378,230,0
2026-08-13 09:25,2026-08-13,gmarket_official,지마켓,296447,2265,0
2026-08-13 09:25,2026-08-13,kream.co.kr,크림,372541,3578,0
2026-08-13 09:25,2026-08-13,marketkurly,컬리,213667,3134,0
2026-08-13 17:13,2026-08-13,musinsa.official,무신사,552071,19286,0
2026-08-13 17:13,2026-08-13,toss.im,토스,80456,987,0
2026-08-13 17:13,2026-08-13,todayhouse,오늘의집,1305158,13239,0
2026-08-13 17:13,2026-08-13,naver_official,네이버,143577,823,0
2026-08-13 17:13,2026-08-13,omg_electronics,오목교 전자상가,7292,56,0
2026-08-13 17:13,2026-08-13,29cm.home,29CM 홈,138130,958,0
2026-08-13 17:13,2026-08-13,pineinfo_insta,파인인포,13375,231,0
2026-08-13 17:13,2026-08-13,gmarket_official,지마켓,296448,2267,0
2026-08-13 17:13,2026-08-13,kream.co.kr,크림,372576,3580,0
2026-08-13 17:13,2026-08-13,marketkurly,컬리,213790,3135,0
2026-08-14 09:01,2026-08-14,musinsa.official,무신사,552445,19287,0
2026-08-14 09:01,2026-08-14,toss.im,토스,80494,988,0
2026-08-14 09:01,2026-08-14,todayhouse,오늘의집,1305085,13241,0
2026-08-14 09:01,2026-08-14,naver_official,네이버,143662,823,0
2026-08-14 09:01,2026-08-14,omg_electronics,오목교 전자상가,7292,56,0
2026-08-14 09:01,2026-08-14,29cm.home,29CM 홈,138185,959,0
2026-08-14 09:01,2026-08-14,pineinfo_insta,파인인포,13360,231,0
2026-08-14 09:01,2026-08-14,gmarket_official,지마켓,296446,2267,0
2026-08-14 09:01,2026-08-14,kream.co.kr,크림,372557,3581,0
2026-08-14 09:01,2026-08-14,marketkurly,컬리,214048,3135,0
2026-08-14 17:01,2026-08-14,musinsa.official,무신사,552594,19288,0
2026-08-14 17:01,2026-08-14,toss.im,토스,80520,989,0
2026-08-14 17:01,2026-08-14,todayhouse,오늘의집,1305060,13242,0
2026-08-14 17:01,2026-08-14,naver_official,네이버,143706,823,0
2026-08-14 17:01,2026-08-14,omg_electronics,오목교 전자상가,7292,58,0
2026-08-14 17:01,2026-08-14,29cm.home,29CM 홈,138225,959,0
2026-08-14 17:01,2026-08-14,pineinfo_insta,파인인포,13354,232,0
2026-08-14 17:01,2026-08-14,gmarket_official,지마켓,296446,2267,0
2026-08-14 17:01,2026-08-14,kream.co.kr,크림,372561,3581,0
2026-08-14 17:01,2026-08-14,marketkurly,컬리,214173,3136,0
2026-08-18 09:01,2026-08-18,musinsa.official,무신사,553002,19296,0
2026-08-18 09:01,2026-08-18,toss.im,토스,80937,991,0
2026-08-18 09:01,2026-08-18,todayhouse,오늘의집,1304683,13248,0
2026-08-18 09:01,2026-08-18,naver_official,네이버,144057,825,0
2026-08-18 09:01,2026-08-18,omg_electronics,오목교 전자상가,7302,60,0
2026-08-18 09:01,2026-08-18,29cm.home,29CM 홈,139040,963,0
2026-08-18 09:01,2026-08-18,pineinfo_insta,파인인포,13299,232,0
2026-08-18 09:01,2026-08-18,gmarket_official,지마켓,296517,2270,0
2026-08-18 09:01,2026-08-18,kream.co.kr,크림,372310,3582,0
2026-08-18 09:01,2026-08-18,marketkurly,컬리,214331,3136,0
2026-08-18 17:01,2026-08-18,musinsa.official,무신사,553033,19298,0
2026-08-18 17:01,2026-08-18,toss.im,토스,80953,991,0
2026-08-18 17:01,2026-08-18,todayhouse,오늘의집,1304665,13250,0
2026-08-18 17:01,2026-08-18,naver_official,네이버,144100,826,0
2026-08-18 17:01,2026-08-18,omg_electronics,오목교 전자상가,7301,60,0
2026-08-18 17:01,2026-08-18,29cm.home,29CM 홈,139067,963,0
2026-08-18 17:01,2026-08-18,pineinfo_insta,파인인포,13292,232,0
2026-08-18 17:01,2026-08-18,gmarket_official,지마켓,296544,2271,0
2026-08-18 17:01,2026-08-18,kream.co.kr,크림,372314,3583,0
2026-08-18 17:01,2026-08-18,marketkurly,컬리,214323,3136,0
2026-08-19 09:01,2026-08-19,musinsa.official,무신사,553120,19299,0
2026-08-19 09:01,2026-08-19,todayhouse,오늘의집,1304589,13253,0
2026-08-19 09:01,2026-08-19,naver_official,네이버,144179,826,0
2026-08-19 09:01,2026-08-19,omg_electronics,오목교 전자상가,7298,61,0
2026-08-19 09:01,2026-08-19,29cm.home,29CM 홈,139092,964,0
2026-08-19 09:01,2026-08-19,pineinfo_insta,파인인포,13253,233,0
2026-08-19 09:01,2026-08-19,gmarket_official,지마켓,296555,2271,0
2026-08-19 09:01,2026-08-19,kream.co.kr,크림,372180,3585,0
2026-08-19 09:01,2026-08-19,marketkurly,컬리,214298,3136,0
2026-08-19 17:31,2026-08-19,musinsa.official,무신사,553195,19299,0
2026-08-19 17:31,2026-08-19,toss.im,토스,81066,992,0
2026-08-19 17:31,2026-08-19,todayhouse,오늘의집,1304569,13256,0
2026-08-19 17:31,2026-08-19,naver_official,네이버,144238,827,0
2026-08-19 17:31,2026-08-19,omg_electronics,오목교 전자상가,7298,61,0
2026-08-19 17:31,2026-08-19,29cm.home,29CM 홈,139136,965,0
2026-08-19 17:31,2026-08-19,pineinfo_insta,파인인포,13247,234,0
2026-08-19 17:31,2026-08-19,gmarket_official,지마켓,296576,2271,0
2026-08-19 17:31,2026-08-19,kream.co.kr,크림,372166,3586,0
2026-08-19 17:31,2026-08-19,marketkurly,컬리,214294,3137,0
2026-08-20 09:01,2026-08-20,musinsa.official,무신사,553304,19300,0
2026-08-20 09:01,2026-08-20,toss.im,토스,81183,993,0
2026-08-20 09:01,2026-08-20,todayhouse,오늘의집,1304596,13258,0
2026-08-20 09:01,2026-08-20,naver_official,네이버,144333,827,0
2026-08-20 09:01,2026-08-20,omg_electronics,오목교 전자상가,7294,61,0
2026-08-20 09:01,2026-08-20,29cm.home,29CM 홈,139170,965,0
2026-08-20 09:01,2026-08-20,pineinfo_insta,파인인포,13573,234,0
2026-08-20 09:01,2026-08-20,gmarket_official,지마켓,296630,2271,0
2026-08-20 09:01,2026-08-20,kream.co.kr,크림,372095,3586,0
2026-08-20 09:01,2026-08-20,marketkurly,컬리,214316,3137,0
2026-08-20 17:49,2026-08-20,musinsa.official,무신사,553389,19301,0
2026-08-20 17:49,2026-08-20,toss.im,토스,81209,993,0
2026-08-20 17:49,2026-08-20,todayhouse,오늘의집,1304582,13259,0
2026-08-20 17:49,2026-08-20,naver_official,네이버,144384,827,0
2026-08-20 17:49,2026-08-20,omg_electronics,오목교 전자상가,7297,61,0
2026-08-20 17:49,2026-08-20,29cm.home,29CM 홈,139202,965,0
2026-08-20 17:49,2026-08-20,pineinfo_insta,파인인포,13904,234,0
2026-08-20 17:49,2026-08-20,gmarket_official,지마켓,296623,2272,0
2026-08-20 17:49,2026-08-20,kream.co.kr,크림,372083,3587,0
2026-08-20 17:49,2026-08-20,marketkurly,컬리,214314,3138,0
2026-08-21 09:01,2026-08-21,musinsa.official,무신사,553522,19302,0
2026-08-21 09:01,2026-08-21,toss.im,토스,81273,994,0
2026-08-21 09:01,2026-08-21,todayhouse,오늘의집,1304590,13260,0
2026-08-21 09:01,2026-08-21,naver_official,네이버,144452,827,0
2026-08-21 09:01,2026-08-21,omg_electronics,오목교 전자상가,7302,62,0
2026-08-21 09:01,2026-08-21,29cm.home,29CM 홈,139261,966,0
2026-08-21 09:01,2026-08-21,pineinfo_insta,파인인포,14052,234,0
2026-08-21 09:01,2026-08-21,gmarket_official,지마켓,296684,2272,0
2026-08-21 09:01,2026-08-21,kream.co.kr,크림,372053,3588,0
2026-08-21 09:01,2026-08-21,marketkurly,컬리,214310,3138,0
2026-08-25 11:22,2026-08-25,musinsa.official,무신사,554286,19315,0
2026-08-25 11:22,2026-08-25,toss.im,토스,81637,994,0
2026-08-25 11:22,2026-08-25,todayhouse,오늘의집,1304418,13272,0
2026-08-25 11:22,2026-08-25,naver_official,네이버,144729,829,0
2026-08-25 11:22,2026-08-25,omg_electronics,오목교 전자상가,7358,63,0
2026-08-25 11:22,2026-08-25,29cm.home,29CM 홈,140167,969,0
2026-08-25 11:22,2026-08-25,pineinfo_insta,파인인포,14230,235,0
2026-08-25 11:22,2026-08-25,gmarket_official,지마켓,296946,2273,0
2026-08-25 11:22,2026-08-25,kream.co.kr,크림,371860,3593,0
2026-08-25 11:22,2026-08-25,marketkurly,컬리,214438,3141,0
2026-08-25 11:27,2026-08-25,musinsa.official,무신사,554284,19315,0
2026-08-25 11:27,2026-08-25,toss.im,토스,81637,994,0
2026-08-25 11:27,2026-08-25,todayhouse,오늘의집,1304416,13272,0
2026-08-25 11:27,2026-08-25,naver_official,네이버,144729,829,0
2026-08-25 11:27,2026-08-25,omg_electronics,오목교 전자상가,7358,63,0
2026-08-25 11:27,2026-08-25,29cm.home,29CM 홈,140169,969,0
2026-08-25 11:27,2026-08-25,pineinfo_insta,파인인포,14230,235,0
2026-08-25 11:27,2026-08-25,gmarket_official,지마켓,296947,2273,0
2026-08-25 11:27,2026-08-25,kream.co.kr,크림,371859,3593,0
2026-08-25 11:27,2026-08-25,marketkurly,컬리,214438,3141,0
2026-08-25 17:02,2026-08-25,musinsa.official,무신사,554326,19315,0
2026-08-25 17:02,2026-08-25,toss.im,토스,81663,994,0
2026-08-25 17:02,2026-08-25,todayhouse,오늘의집,1304407,13274,0
2026-08-25 17:02,2026-08-25,naver_official,네이버,144764,830,0
2026-08-25 17:02,2026-08-25,omg_electronics,오목교 전자상가,7358,64,0
2026-08-25 17:02,2026-08-25,29cm.home,29CM 홈,140181,969,0
2026-08-25 17:02,2026-08-25,pineinfo_insta,파인인포,14242,235,0
2026-08-25 17:02,2026-08-25,gmarket_official,지마켓,296964,2273,0
2026-08-25 17:02,2026-08-25,kream.co.kr,크림,371841,3593,0
2026-08-25 17:02,2026-08-25,marketkurly,컬리,214453,3142,0
2026-08-26 09:01,2026-08-26,musinsa.official,무신사,554435,19317,0
2026-08-26 09:01,2026-08-26,toss.im,토스,81698,994,0
2026-08-26 09:01,2026-08-26,todayhouse,오늘의집,1304342,13275,0
2026-08-26 09:01,2026-08-26,naver_official,네이버,144797,830,0
2026-08-26 09:01,2026-08-26,omg_electronics,오목교 전자상가,7355,66,0
2026-08-26 09:01,2026-08-26,29cm.home,29CM 홈,140161,970,0
2026-08-26 09:01,2026-08-26,pineinfo_insta,파인인포,14247,236,0
2026-08-26 09:01,2026-08-26,gmarket_official,지마켓,296962,2273,0
2026-08-26 09:01,2026-08-26,kream.co.kr,크림,371779,3593,0
2026-08-26 09:01,2026-08-26,marketkurly,컬리,214434,3142,0
2026-08-26 17:01,2026-08-26,musinsa.official,무신사,554478,19321,0
2026-08-26 17:01,2026-08-26,toss.im,토스,81719,994,0
2026-08-26 17:01,2026-08-26,todayhouse,오늘의집,1304318,13278,0
2026-08-26 17:01,2026-08-26,naver_official,네이버,144810,830,0
2026-08-26 17:01,2026-08-26,omg_electronics,오목교 전자상가,7354,66,0
2026-08-26 17:01,2026-08-26,29cm.home,29CM 홈,140167,970,0
2026-08-26 17:01,2026-08-26,pineinfo_insta,파인인포,14257,236,0
2026-08-26 17:01,2026-08-26,gmarket_official,지마켓,296950,2274,0
2026-08-26 17:01,2026-08-26,kream.co.kr,크림,371762,3594,0
2026-08-26 17:01,2026-08-26,marketkurly,컬리,214425,3143,0
2026-08-27 09:01,2026-08-27,musinsa.official,무신사,554544,19322,0
2026-08-27 09:01,2026-08-27,toss.im,토스,81821,995,0
2026-08-27 09:01,2026-08-27,todayhouse,오늘의집,1304336,13280,0
2026-08-27 09:01,2026-08-27,naver_official,네이버,144817,830,0
2026-08-27 09:01,2026-08-27,omg_electronics,오목교 전자상가,7351,66,0
2026-08-27 09:01,2026-08-27,29cm.home,29CM 홈,140182,971,0
2026-08-27 09:01,2026-08-27,pineinfo_insta,파인인포,14249,236,0
2026-08-27 09:01,2026-08-27,gmarket_official,지마켓,296933,2274,0
2026-08-27 09:01,2026-08-27,kream.co.kr,크림,371711,3595,0
2026-08-27 09:01,2026-08-27,marketkurly,컬리,214421,3143,0
2026-08-27 13:59,2026-08-27,compuzone_kr,컴퓨존 (자사),2155,80,1
2026-08-27 13:59,2026-08-27,musinsa.official,무신사,554558,19323,0
2026-08-27 13:59,2026-08-27,toss.im,토스,81858,995,0
2026-08-27 13:59,2026-08-27,todayhouse,오늘의집,1304326,13283,0
2026-08-27 13:59,2026-08-27,naver_official,네이버,144826,830,0
2026-08-27 13:59,2026-08-27,omg_electronics,오목교 전자상가,7350,66,0
2026-08-27 13:59,2026-08-27,29cm.home,29CM 홈,140179,971,0
2026-08-27 13:59,2026-08-27,pineinfo_insta,파인인포,14249,236,0
2026-08-27 13:59,2026-08-27,gmarket_official,지마켓,296926,2275,0
2026-08-27 13:59,2026-08-27,kream.co.kr,크림,371698,3596,0
2026-08-27 13:59,2026-08-27,marketkurly,컬리,214422,3144,0
2026-08-27 14:11,2026-08-27,compuzone_kr,컴퓨존 (자사),2155,80,1
2026-08-27 14:11,2026-08-27,musinsa.official,무신사,554560,19323,0
2026-08-27 14:11,2026-08-27,toss.im,토스,81858,995,0
2026-08-27 14:11,2026-08-27,todayhouse,오늘의집,1304325,13283,0
2026-08-27 14:11,2026-08-27,naver_official,네이버,144826,830,0
2026-08-27 14:11,2026-08-27,omg_electronics,오목교 전자상가,7350,66,0
2026-08-27 14:11,2026-08-27,29cm.home,29CM 홈,140180,971,0
2026-08-27 14:11,2026-08-27,pineinfo_insta,파인인포,14249,236,0
2026-08-27 14:11,2026-08-27,gmarket_official,지마켓,296926,2275,0
2026-08-27 14:11,2026-08-27,kream.co.kr,크림,371699,3596,0
2026-08-27 14:11,2026-08-27,marketkurly,컬리,214421,3144,0
2026-08-27 15:19,2026-08-27,compuzone_kr,컴퓨존 (자사),2155,80,1
2026-08-27 15:19,2026-08-27,musinsa.official,무신사,554562,19323,0
2026-08-27 15:19,2026-08-27,toss.im,토스,81859,995,0
2026-08-27 15:19,2026-08-27,todayhouse,오늘의집,1304328,13283,0
2026-08-27 15:19,2026-08-27,naver_official,네이버,144844,830,0
2026-08-27 15:19,2026-08-27,omg_electronics,오목교 전자상가,7350,66,0
2026-08-27 15:19,2026-08-27,29cm.home,29CM 홈,140176,971,0
2026-08-27 15:19,2026-08-27,pineinfo_insta,파인인포,14248,236,0
2026-08-27 15:19,2026-08-27,gmarket_official,지마켓,296925,2275,0
2026-08-27 15:19,2026-08-27,kream.co.kr,크림,371697,3596,0
2026-08-27 15:19,2026-08-27,marketkurly,컬리,214427,3144,0
2026-08-27 17:01,2026-08-27,compuzone_kr,컴퓨존 (자사),2155,80,1
2026-08-27 17:01,2026-08-27,musinsa.official,무신사,554573,19323,0
2026-08-27 17:01,2026-08-27,toss.im,토스,81866,995,0
2026-08-27 17:01,2026-08-27,todayhouse,오늘의집,1304331,13284,0
2026-08-27 17:01,2026-08-27,naver_official,네이버,144859,830,0
2026-08-27 17:01,2026-08-27,omg_electronics,오목교 전자상가,7350,67,0
2026-08-27 17:01,2026-08-27,29cm.home,29CM 홈,140177,971,0
2026-08-27 17:01,2026-08-27,pineinfo_insta,파인인포,14253,236,0
2026-08-27 17:01,2026-08-27,gmarket_official,지마켓,296923,2275,0
2026-08-27 17:01,2026-08-27,kream.co.kr,크림,371713,3598,0
2026-08-27 17:01,2026-08-27,marketkurly,컬리,214427,3144,0
2026-08-28 09:01,2026-08-28,compuzone_kr,컴퓨존 (자사),2155,81,1
2026-08-28 09:01,2026-08-28,musinsa.official,무신사,554641,19323,0
2026-08-28 09:01,2026-08-28,toss.im,토스,82011,995,0
2026-08-28 09:01,2026-08-28,todayhouse,오늘의집,1304332,13287,0
2026-08-28 09:01,2026-08-28,naver_official,네이버,144963,830,0
2026-08-28 09:01,2026-08-28,omg_electronics,오목교 전자상가,7347,67,0
2026-08-28 09:01,2026-08-28,29cm.home,29CM 홈,140146,971,0
2026-08-28 09:01,2026-08-28,pineinfo_insta,파인인포,14248,237,0
2026-08-28 09:01,2026-08-28,gmarket_official,지마켓,296949,2277,0
2026-08-28 09:01,2026-08-28,kream.co.kr,크림,371768,3598,0
2026-08-28 09:01,2026-08-28,marketkurly,컬리,214452,3144,0
2026-08-31 08:20,2026-08-30,compuzone_kr,컴퓨존 (자사),2158,81,1
2026-08-31 08:20,2026-08-30,musinsa.official,무신사,554936,19335,0
2026-08-31 08:20,2026-08-30,toss.im,토스,82305,996,0
2026-08-31 08:20,2026-08-30,todayhouse,오늘의집,1304131,13292,0
2026-08-31 08:20,2026-08-30,naver_official,네이버,145297,831,0
2026-08-31 08:20,2026-08-30,omg_electronics,오목교 전자상가,7358,70,0
2026-08-31 08:20,2026-08-30,29cm.home,29CM 홈,140115,973,0
2026-08-31 08:20,2026-08-30,pineinfo_insta,파인인포,14283,237,0
2026-08-31 08:20,2026-08-30,gmarket_official,지마켓,297224,2279,0
2026-08-31 08:20,2026-08-30,kream.co.kr,크림,371876,3599,0
2026-08-31 08:20,2026-08-30,marketkurly,컬리,214546,3145,0
2026-08-31 09:01,2026-08-31,compuzone_kr,컴퓨존 (자사),2158,81,1
2026-08-31 09:01,2026-08-31,musinsa.official,무신사,554944,19335,0
2026-08-31 09:01,2026-08-31,toss.im,토스,82304,996,0
2026-08-31 09:01,2026-08-31,todayhouse,오늘의집,1304133,13292,0
2026-08-31 09:01,2026-08-31,naver_official,네이버,145301,831,0
2026-08-31 09:01,2026-08-31,omg_electronics,오목교 전자상가,7358,70,0
2026-08-31 09:01,2026-08-31,29cm.home,29CM 홈,140113,973,0
2026-08-31 09:01,2026-08-31,pineinfo_insta,파인인포,14283,237,0
2026-08-31 09:01,2026-08-31,gmarket_official,지마켓,297227,2279,0
2026-08-31 09:01,2026-08-31,kream.co.kr,크림,371875,3599,0
2026-08-31 09:01,2026-08-31,marketkurly,컬리,214545,3145,0
2026-09-01 09:01,2026-09-01,compuzone_kr,컴퓨존 (자사),2159,81,1
2026-09-01 09:01,2026-09-01,musinsa.official,무신사,555041,19339,0
2026-09-01 09:01,2026-09-01,toss.im,토스,82357,997,0
2026-09-01 09:01,2026-09-01,todayhouse,오늘의집,1304084,13296,0
2026-09-01 09:01,2026-09-01,naver_official,네이버,145343,831,0
2026-09-01 09:01,2026-09-01,omg_electronics,오목교 전자상가,7358,72,0
2026-09-01 09:01,2026-09-01,29cm.home,29CM 홈,140072,973,0
2026-09-01 09:01,2026-09-01,pineinfo_insta,파인인포,14291,237,0
2026-09-01 09:01,2026-09-01,gmarket_official,지마켓,297378,2280,0
2026-09-01 09:01,2026-09-01,kream.co.kr,크림,371882,3602,0
2026-09-01 09:01,2026-09-01,marketkurly,컬리,214655,3146,0
2026-09-01 17:01,2026-09-01,compuzone_kr,컴퓨존 (자사),2159,83,1
2026-09-01 17:01,2026-09-01,musinsa.official,무신사,555082,19342,0
2026-09-01 17:01,2026-09-01,toss.im,토스,82371,997,0
2026-09-01 17:01,2026-09-01,todayhouse,오늘의집,1304069,13298,0
2026-09-01 17:01,2026-09-01,naver_official,네이버,145323,832,0
2026-09-01 17:01,2026-09-01,omg_electronics,오목교 전자상가,7356,73,0
2026-09-01 17:01,2026-09-01,29cm.home,29CM 홈,140084,973,0
2026-09-01 17:01,2026-09-01,pineinfo_insta,파인인포,14292,237,0
2026-09-01 17:01,2026-09-01,gmarket_official,지마켓,297390,2281,0
2026-09-01 17:01,2026-09-01,kream.co.kr,크림,371895,3604,0
2026-09-01 17:01,2026-09-01,marketkurly,컬리,214770,3147,0
