channel_id,label,date,title,kind,duration_sec,views,likes,comments,url,is_own,genre
UCHiUdcdzRq7w5tuwy_Bfmvw,컴퓨존 (자사),2026-09-17,컴퓨존 직원들은 PC 주문이 들어오면 뭘 할까? 조립PC 고객전달과정 완벽 정리,long,313,30231,166,47,https://www.youtube.com/watch?v=UYiJzFXi6_w,1,own
UCHiUdcdzRq7w5tuwy_Bfmvw,컴퓨존 (자사),2026-09-02,대학교 학과별 노트북 추천 #컴퓨존 #노트북추천,short,45,536,6,0,https://www.youtube.com/watch?v=qiMURwtBIuE,1,own
UCHiUdcdzRq7w5tuwy_Bfmvw,컴퓨존 (자사),2026-08-31,컴퓨존 조립PC 1분 30초만에 완판!,short,37,1546,11,1,https://www.youtube.com/watch?v=FmLV3G5Oj6M,1,own
UCHiUdcdzRq7w5tuwy_Bfmvw,컴퓨존 (자사),2026-08-27,로컬 환경에서 구축한 컴퓨존 AI프로그램 활용기,long,298,443,9,1,https://www.youtube.com/watch?v=kF_k9NO0vYc,1,own
UCHiUdcdzRq7w5tuwy_Bfmvw,컴퓨존 (자사),2026-08-27,나만의 AI 로컬PC 설치/활용 가이드,long,199,647,9,0,https://www.youtube.com/watch?v=tlxeZDRG1n8,1,own
UCHiUdcdzRq7w5tuwy_Bfmvw,컴퓨존 (자사),2026-08-27,막내의 리뷰✨ 루메나 손풍기 편,short,35,1481,6,1,https://www.youtube.com/watch?v=nCdriI2LeaQ,1,own
UCHiUdcdzRq7w5tuwy_Bfmvw,컴퓨존 (자사),2026-08-26,무엇이든 물어보살! 조립PC 편 #컴퓨존#조립pc,long,61,1420,8,1,https://www.youtube.com/watch?v=mAJCtkJZEa8,1,own
UCHiUdcdzRq7w5tuwy_Bfmvw,컴퓨존 (자사),2026-08-25,막내의 리뷰✨ 갤럭시 Z 폴드8 시리즈 편,short,24,2480,12,0,https://www.youtube.com/watch?v=nrpmD33VXRA,1,own
UCHiUdcdzRq7w5tuwy_Bfmvw,컴퓨존 (자사),2026-08-24,컴퓨존 직원들은 무슨 키보드를 쓸까?✨,short,53,1481,6,0,https://www.youtube.com/watch?v=VG0AW84635k,1,own
UCHiUdcdzRq7w5tuwy_Bfmvw,컴퓨존 (자사),2026-08-20,컴퓨존 신사옥 투어 #컴퓨존 #사옥투어 #오피스투어,short,36,728,9,0,https://www.youtube.com/watch?v=Q_xCzGPOSqk,1,own
UCHiUdcdzRq7w5tuwy_Bfmvw,컴퓨존 (자사),2026-08-20,POV. 마감 5시간 전인데 모니터가 망가졌다면?,short,39,1388,4,0,https://www.youtube.com/watch?v=cVKvfgsvEXQ,1,own
UCHiUdcdzRq7w5tuwy_Bfmvw,컴퓨존 (자사),2026-08-19,컴퓨존 1시간 픽업 서비스,short,42,1913,15,3,https://www.youtube.com/watch?v=YkY_0OF1DW0,1,own
UCHiUdcdzRq7w5tuwy_Bfmvw,컴퓨존 (자사),2026-08-13,저장장치 추가 후 활성화 방법,long,77,346,3,0,https://www.youtube.com/watch?v=rQB8bCnKQLc,1,own
UCHiUdcdzRq7w5tuwy_Bfmvw,컴퓨존 (자사),2026-08-13,파티션 분할 및 합치기 안내,long,91,465,2,0,https://www.youtube.com/watch?v=HmKeEHO22QM,1,own
UCHiUdcdzRq7w5tuwy_Bfmvw,컴퓨존 (자사),2026-08-13,내 PC 사양확인 방법,long,72,467,2,0,https://www.youtube.com/watch?v=SCaUvb4VT7s,1,own
UCHiUdcdzRq7w5tuwy_Bfmvw,컴퓨존 (자사),2026-07-29,윈도우 11 USB 제작방법 안내,long,216,366,11,0,https://www.youtube.com/watch?v=A5yDh6RCk-A,1,own
UCHiUdcdzRq7w5tuwy_Bfmvw,컴퓨존 (자사),2026-07-29,MS 오피스 설치 방법 안내,long,90,1307,9,0,https://www.youtube.com/watch?v=CLZf9BbMeLk,1,own
UCHiUdcdzRq7w5tuwy_Bfmvw,컴퓨존 (자사),2026-07-22,그래픽카드 라이저킷 장착 방법,long,63,1779,15,0,https://www.youtube.com/watch?v=bMM-xNB5vI4,1,own
UCHiUdcdzRq7w5tuwy_Bfmvw,컴퓨존 (자사),2026-07-22,조립PC 안정화 서비스 안내,long,74,1279,10,0,https://www.youtube.com/watch?v=JgJBbLsbulE,1,own
UCHiUdcdzRq7w5tuwy_Bfmvw,컴퓨존 (자사),2026-07-13,[컴퓨존]그래픽카드 구매 시 확인 사항,long,122,828,14,3,https://www.youtube.com/watch?v=NTTmeQSyODM,1,own
UCHiUdcdzRq7w5tuwy_Bfmvw,컴퓨존 (자사),2026-04-03,[컴퓨존]마에스트로 복구 솔루션 일시 제거 윈도우 업데이트 방법,long,110,778,4,0,https://www.youtube.com/watch?v=kJrfqr23Eek,1,own
UCHiUdcdzRq7w5tuwy_Bfmvw,컴퓨존 (자사),2026-04-03,[컴퓨존]마에스트로 리커버리 복구프로그램 실행법(WIN),long,86,570,2,0,https://www.youtube.com/watch?v=gqF06GRDgLM,1,own
UCHiUdcdzRq7w5tuwy_Bfmvw,컴퓨존 (자사),2026-04-03,[컴퓨존]마에스트로 리커버리 복구프로그램 실행법(DOS),short,45,619,3,0,https://www.youtube.com/watch?v=Bu_Kxiht7uQ,1,own
UCHiUdcdzRq7w5tuwy_Bfmvw,컴퓨존 (자사),2025-11-27,[컴퓨존] A/S 접수시 PC 택배 포장 방법 안내,long,209,8066,60,11,https://www.youtube.com/watch?v=aUrnAIMxFS4,1,own
UCHiUdcdzRq7w5tuwy_Bfmvw,컴퓨존 (자사),2025-07-09,"[웨비나] HP, 컴퓨존이 준비한 Ai PC의 현재와 미래",long,3857,472,13,0,https://www.youtube.com/watch?v=lzyAZO39rhY,1,own
UCHiUdcdzRq7w5tuwy_Bfmvw,컴퓨존 (자사),2025-07-06,[컴퓨존]그래픽카드 탈거 방법 안내,short,46,1713,16,2,https://www.youtube.com/watch?v=Iz0j3gyMhIY,1,own
UCHiUdcdzRq7w5tuwy_Bfmvw,컴퓨존 (자사),2025-07-06,[컴퓨존]그래픽카드 장착 방법 안내,short,44,1548,10,0,https://www.youtube.com/watch?v=lQf6Q5Zq2Yg,1,own
UCHiUdcdzRq7w5tuwy_Bfmvw,컴퓨존 (자사),2025-07-06,[컴퓨존]파워 스위치 작동 방법,short,45,962,7,0,https://www.youtube.com/watch?v=OE5nbw-813c,1,own
UCHiUdcdzRq7w5tuwy_Bfmvw,컴퓨존 (자사),2025-07-06,[컴퓨존]조립PC 포장재 제거 방법 안내,short,48,7351,51,3,https://www.youtube.com/watch?v=QBCqVPXLlBs,1,own
UCHiUdcdzRq7w5tuwy_Bfmvw,컴퓨존 (자사),2025-02-01,컴퓨존 고객참여 로비오트 추천! l 2월 참여 월간견적,long,1988,6498,41,10,https://www.youtube.com/watch?v=D_LALBYhaiU,1,own
UCeg5g-vWgtgzQ0cYNV2Cyow,토스,2026-09-19,𝙋𝙡𝙖𝙮𝙡𝙞𝙨𝙩 | 주말 대청소도 근사해지는 퓨전 재즈 플레이리스트,long,3176,47785,207,23,https://www.youtube.com/watch?v=_C1dPhM7IKc,0,official
UCeg5g-vWgtgzQ0cYNV2Cyow,토스,2026-09-14,토스 비즈니스 헤드의 발표 팁ㅣGroundTruth,short,41,5889,124,0,https://www.youtube.com/watch?v=2HVa9QdelAs,0,official
UCeg5g-vWgtgzQ0cYNV2Cyow,토스,2026-09-13,"𝙋𝙡𝙖𝙮𝙡𝙞𝙨𝙩 | 전투력이 필요한 월요일 아침, 토스 팀원이 듣는",long,3176,76574,567,46,https://www.youtube.com/watch?v=5-UpE_yjEUU,0,official
UCeg5g-vWgtgzQ0cYNV2Cyow,토스,2026-09-10,진짜 면접이 시작되는 순간ㅣGroundTruth,short,41,2277,35,0,https://www.youtube.com/watch?v=M0TObcZSSzg,0,official
UCeg5g-vWgtgzQ0cYNV2Cyow,토스,2026-09-10,내 말을 무기로 쓰는 법ㅣ최선화 토스애즈 비즈니스 헤드ㅣGround Truth,long,2442,146141,871,34,https://www.youtube.com/watch?v=sBa893d41xg,0,official
UCeg5g-vWgtgzQ0cYNV2Cyow,토스,2026-08-30,지금 산업 로봇이 훨씬 효율적이예요ㅣGround Truth,short,43,2416,15,2,https://www.youtube.com/watch?v=F7CvI0viu-o,0,official
UCeg5g-vWgtgzQ0cYNV2Cyow,토스,2026-08-28,외계인 친구일 가능성이 높은 이유ㅣGround Truth,short,54,1918,13,0,https://www.youtube.com/watch?v=jj3f49F_AJs,0,official
UCeg5g-vWgtgzQ0cYNV2Cyow,토스,2026-08-27,AI가 인간을 벗어나는 두 가지 신호ㅣ장대익 진화학자ㅣGround Truth,long,2133,114951,250,37,https://www.youtube.com/watch?v=QyZ26DLO14A,0,official
UCeg5g-vWgtgzQ0cYNV2Cyow,토스,2026-08-16,도대체 '심플함'이 뭔데요? ㅣGround Truth,short,46,1830,11,0,https://www.youtube.com/watch?v=3gRUK4GGbYM,0,official
UCeg5g-vWgtgzQ0cYNV2Cyow,토스,2026-08-14,보자마자 인상 찌푸리는 디자인 ㅣ Ground Truth,long,65,5120,120,0,https://www.youtube.com/watch?v=SDAmGyx_8dc,0,official
UCeg5g-vWgtgzQ0cYNV2Cyow,토스,2026-08-13,인간 디자이너라는 병목ㅣ고현선 토스 비주얼 디자이너ㅣGround Truth,long,2542,167526,970,54,https://www.youtube.com/watch?v=8Jq2IB_cu8M,0,official
UCeg5g-vWgtgzQ0cYNV2Cyow,토스,2026-08-12,나 중학생 때 뭐했지?,short,56,1672,11,0,https://www.youtube.com/watch?v=i1jYvcj67vQ,0,official
UCeg5g-vWgtgzQ0cYNV2Cyow,토스,2026-08-11,?? : 1등이 왜 하고 싶은데 ⎮ 늦깎이 신인 배우의 독백 연기,long,66,2139,8,0,https://www.youtube.com/watch?v=SN61Zxjy9S8,0,official
UCeg5g-vWgtgzQ0cYNV2Cyow,토스,2026-08-11,나 원래 웃긴 사람인데...,short,60,1865,12,1,https://www.youtube.com/watch?v=SmcU6dh23oM,0,official
UCeg5g-vWgtgzQ0cYNV2Cyow,토스,2026-08-10,우리 엄마아빠는 부부싸움을 묵찌빠로 해,short,59,6710,23,2,https://www.youtube.com/watch?v=sX6rek4t2To,0,official
UCeg5g-vWgtgzQ0cYNV2Cyow,토스,2026-08-10,지금 저점매수 해야 할 신인 배우의 독백 연기,long,79,9722,44,5,https://www.youtube.com/watch?v=N4CEMwgR_is,0,official
UCeg5g-vWgtgzQ0cYNV2Cyow,토스,2026-08-06,우리는 모두 신인이었다 | Newcomer | Original Film by To,long,1662,208766,221,39,https://www.youtube.com/watch?v=2p3dj_LE-Qw,0,official
UCeg5g-vWgtgzQ0cYNV2Cyow,토스,2026-08-02,AI 믿고 퇴사하면 안 되는 이유ㅣGround Truth,long,67,3314,43,0,https://www.youtube.com/watch?v=k-FI2z_Pwv0,0,official
UCeg5g-vWgtgzQ0cYNV2Cyow,토스,2026-07-31,"""회사가 키워주던 시대는 사라질 거예요""ㅣGround Truth",short,45,4089,43,1,https://www.youtube.com/watch?v=yXcP_2V7NAc,0,official
UCeg5g-vWgtgzQ0cYNV2Cyow,토스,2026-07-30,지금 하는 일이 무슨 가치를 만들고 있나요?ㅣ신수정 36년차 리더십·커리어 코치ㅣ,long,2328,168691,736,68,https://www.youtube.com/watch?v=wVJrspYo-18,0,official
UCeg5g-vWgtgzQ0cYNV2Cyow,토스,2026-07-27,[Teaser] Ground Truth l 26.07.30,short,27,2984,16,1,https://www.youtube.com/watch?v=wGK4j8z2EJI,0,official
UCeg5g-vWgtgzQ0cYNV2Cyow,토스,2025-12-23,TOSS BITTER SWEET MARKET: 사장님의 이야기를 굽는 디저트 마켓,long,61,5056,39,5,https://www.youtube.com/watch?v=jewROGaTyco,0,official
UCeg5g-vWgtgzQ0cYNV2Cyow,토스,2025-11-30,𝐩𝐥𝐚𝐲𝐥𝐢𝐬𝐭 | 부자가 되고 싶을 때 듣는 음악 | THE MO,long,3531,48457,416,35,https://www.youtube.com/watch?v=yliQZ-AbjqM,0,official
UCeg5g-vWgtgzQ0cYNV2Cyow,토스,2025-11-30,𝐩𝐥𝐚𝐲𝐥𝐢𝐬𝐭 | 토스 팀원이 일할 때 듣는 노동요 | THE T,long,3009,292330,5677,335,https://www.youtube.com/watch?v=c1XiFQmsgRE,0,official
UCeg5g-vWgtgzQ0cYNV2Cyow,토스,2025-11-24,당신은 어떤 세상에 살고 싶나요? | ADOY - Spectrum (Officia,long,193,436223,606,105,https://www.youtube.com/watch?v=bxYh4ou3-ls,0,official
UCeg5g-vWgtgzQ0cYNV2Cyow,토스,2025-11-22,일상 앱부터 게임까지 다양한 서비스를 설치 없이 바로ㅣ토스 미니앱,short,47,257313,39,3,https://www.youtube.com/watch?v=9GipXHsGoy0,0,official
UCeg5g-vWgtgzQ0cYNV2Cyow,토스,2025-11-21,"200개의 게임, 설치 없이 토스에서 바로ㅣ토스 미니앱",short,53,207892,41,76,https://www.youtube.com/watch?v=wCk4vwFi1EY,0,official
UCeg5g-vWgtgzQ0cYNV2Cyow,토스,2025-11-21,"200개의 게임, 설치 없이 토스에서 바로ㅣ토스 미니앱",short,53,1406444,906,16,https://www.youtube.com/watch?v=RXwll0DbwRg,0,official
UCeg5g-vWgtgzQ0cYNV2Cyow,토스,2025-11-19,"기차 예매, 로그인 없이 토스에서 바로ㅣ토스 미니앱",short,38,119106,48,73,https://www.youtube.com/watch?v=Xo0Hl1YwFGo,0,official
UCeg5g-vWgtgzQ0cYNV2Cyow,토스,2025-11-19,"기차 예매, 로그인 없이 토스에서 바로ㅣ토스 미니앱",short,38,1234346,845,24,https://www.youtube.com/watch?v=2ER0zAsDV_U,0,official
UCtfyAiqf095_0_ux8ruwGfA,무신사 TV,2026-09-27,올가을을 강타할 아이비리그 남친 룩 [환골탈팡] #shorts,short,57,5502,25,1,https://www.youtube.com/watch?v=LU6NMykgyY0,0,official
UCtfyAiqf095_0_ux8ruwGfA,무신사 TV,2026-09-26,금수저 올드머니 룩 아니고 그냥 머니룩 [환골탈팡],short,45,14619,18,1,https://www.youtube.com/watch?v=mHDEJIBWGWQ,0,official
UCtfyAiqf095_0_ux8ruwGfA,무신사 TV,2026-09-25,pH-1도 손절한 래퍼 [환골탈팡] #shorts,short,50,4962,37,0,https://www.youtube.com/watch?v=VCGf-WptGM0,0,official
UCtfyAiqf095_0_ux8ruwGfA,무신사 TV,2026-09-24,옷은 죄 없다! ‘피의게임’ 경찰 이태균👮‍♀️ 옷장 갈아엎기 [환골탈팡 EP.,long,1155,70071,103,19,https://www.youtube.com/watch?v=BH_BQQwGSqQ,0,official
UCtfyAiqf095_0_ux8ruwGfA,무신사 TV,2026-09-23,피의게임 이태균 GD 자켓 해명 영상 [환골탈팡] #shorts,short,29,2564,15,0,https://www.youtube.com/watch?v=o7YAQ0HaISU,0,official
UCtfyAiqf095_0_ux8ruwGfA,무신사 TV,2026-09-22,김재중도 피할 수 없는 명절 질문 “결혼 안 해?” [무싱사],short,26,5814,182,7,https://www.youtube.com/watch?v=kzAqnXPx1bg,0,official
UCtfyAiqf095_0_ux8ruwGfA,무신사 TV,2026-09-21,김재중에게 ‘주문(MIROTIC)’ +1키를 시켜봤습니다 [무싱사],short,28,25375,483,25,https://www.youtube.com/watch?v=myjNEKJ9TF4,0,official
UCtfyAiqf095_0_ux8ruwGfA,무신사 TV,2026-09-20,김재중이 부르는 J-POP ‘僕が死のうと思ったのは’ 라이브 [무싱사],short,31,6398,263,20,https://www.youtube.com/watch?v=m5ICdnuGxeY,0,official
UCtfyAiqf095_0_ux8ruwGfA,무신사 TV,2026-09-19,콘서트 엔딩 같은 김재중 신곡 ‘Tonight’ 라이브 [무싱사],short,25,12988,362,26,https://www.youtube.com/watch?v=OF6sAGRB1wo,0,official
UCtfyAiqf095_0_ux8ruwGfA,무신사 TV,2026-09-18,록 보컬 제대로 보여주는 김재중 ‘One Kiss’ [무싱사],short,24,13564,406,27,https://www.youtube.com/watch?v=TTMhz3nAR_I,0,official
UCtfyAiqf095_0_ux8ruwGfA,무신사 TV,2026-09-17,"🎵이벤트🎵 김재중(KIMJAEJOONG), 락발라드 1인자의 노래방 애창곡 |",long,1277,263541,2569,402,https://www.youtube.com/watch?v=strFEbQQOUY,0,official
UCtfyAiqf095_0_ux8ruwGfA,무신사 TV,2026-09-16,김재중이 노래방에서 3시간 놀면 생기는 일 [무싱사 선공개],short,24,13539,582,55,https://www.youtube.com/watch?v=utkRXkEJGPs,0,official
UCtfyAiqf095_0_ux8ruwGfA,무신사 TV,2026-09-14,🍁여자 가을 출근룩 추천 [환골탈팡] #shorts,long,85,2359,22,0,https://www.youtube.com/watch?v=fyF1_e6Nu80,0,official
UCtfyAiqf095_0_ux8ruwGfA,무신사 TV,2026-09-13,실물이 사진과 좀 다르시네요... [환골탈팡],short,25,4466,21,0,https://www.youtube.com/watch?v=iF_tytOsqZs,0,official
UCtfyAiqf095_0_ux8ruwGfA,무신사 TV,2026-09-12,국민 첫사랑💕 어른 여자 한유주 [환골탈팡] #shorts,short,41,2755,16,1,https://www.youtube.com/watch?v=EIJk44VDLZ4,0,official
UCtfyAiqf095_0_ux8ruwGfA,무신사 TV,2026-09-11,영원히 고통받는 정우성 [환골탈팡] #shorts,short,32,3673,16,0,https://www.youtube.com/watch?v=OOqZ87TwQxc,0,official
UCtfyAiqf095_0_ux8ruwGfA,무신사 TV,2026-09-10,테무 쇼핑 중독자의 옷장 갈아 엎기 [환골탈팡 EP.5],long,1010,221225,160,12,https://www.youtube.com/watch?v=5veVrNNwdE8,0,official
UCtfyAiqf095_0_ux8ruwGfA,무신사 TV,2026-09-09,💥삐빅💥 빈티지 아니고 헌 옷입니다. [환골탈팡] #shorts,short,42,4500,12,1,https://www.youtube.com/watch?v=hBBJCCfdmtY,0,official
UCtfyAiqf095_0_ux8ruwGfA,무신사 TV,2026-09-08,멤버 7명이면 ‘○○○’으로 1인분 가능 [무싱사],short,25,2217,92,1,https://www.youtube.com/watch?v=_8ig92nQlWE,0,official
UCtfyAiqf095_0_ux8ruwGfA,무신사 TV,2026-09-07,남돌이 숙소에서 가장 많은 시간을 쓰는 것 [무싱사],short,29,2855,155,2,https://www.youtube.com/watch?v=fj87SDeMcec,0,official
UCtfyAiqf095_0_ux8ruwGfA,무신사 TV,2026-09-06,넥스지 토모야가 무대 직전 꼭 하는 행동 [무싱사],short,42,1375,128,3,https://www.youtube.com/watch?v=Ei__lKAEiqg,0,official
UCtfyAiqf095_0_ux8ruwGfA,무신사 TV,2026-09-05,코인 노래방에서 제대로 신난 NEXZ(넥스지) [무싱사],short,23,3143,206,5,https://www.youtube.com/watch?v=wUXyGYY3Iqk,0,official
UCtfyAiqf095_0_ux8ruwGfA,무신사 TV,2026-09-04,남돌이 부르는 TWICE ‘CHHER UP’ [무싱사],short,26,9039,338,11,https://www.youtube.com/watch?v=2OBXipjl-JQ,0,official
UCtfyAiqf095_0_ux8ruwGfA,무신사 TV,2026-09-03,"NEXZ(넥스지), 노래도 예능도 제대로 말아드립니다🥫 | SAUCIN’, AP",long,1501,365709,6719,300,https://www.youtube.com/watch?v=lhNRxY-MDJk,0,official
UCtfyAiqf095_0_ux8ruwGfA,무신사 TV,2026-09-02,넥스지에 입덕하겠습니다. 아니 입덕하지 않겠습니다.. 다시 생각해 보니 입덕인 거,short,14,7245,701,17,https://www.youtube.com/watch?v=Wp_SteRGtHI,0,official
UCtfyAiqf095_0_ux8ruwGfA,무신사 TV,2026-09-01,세계최초 위스키 빙수 개발자 [성수기] #shorts,short,43,7255,386,18,https://www.youtube.com/watch?v=40eZxsW8tlY,0,official
UCtfyAiqf095_0_ux8ruwGfA,무신사 TV,2026-09-01,가족끼리 쇼핑하면 안 되는 이유 [환골탈팡] #shorts,short,23,7614,33,0,https://www.youtube.com/watch?v=OUrIgjbEAOU,0,official
UCtfyAiqf095_0_ux8ruwGfA,무신사 TV,2026-08-31,QWER로 보는 호캉스 유형 테스트 [성수기] #shorts,short,43,16989,577,24,https://www.youtube.com/watch?v=bVuRTz1WnvQ,0,official
UCtfyAiqf095_0_ux8ruwGfA,무신사 TV,2026-08-31,유영우에게 뒤통수 제대로 맞은 이재율 [환골탈팡] #shorts,short,50,11228,64,0,https://www.youtube.com/watch?v=F3cpyWqTPh0,0,official
UCtfyAiqf095_0_ux8ruwGfA,무신사 TV,2026-08-30,위스키 무한리필을 꿈꾸는 쵸단 [성수기] #shorts,long,85,25808,752,32,https://www.youtube.com/watch?v=04u-axalaB0,0,official
UCBKtitA1RwY7F32rCniV1dA,오늘의집,2026-09-27,이게 500원으로 만든 거라고? #shorts #전국내집자랑,short,27,549888,5043,38,https://www.youtube.com/watch?v=v3GhhMIo_rk,0,official
UCBKtitA1RwY7F32rCniV1dA,오늘의집,2026-09-26,이 집은 방문을 전부 떼어냈습니다 #shorts #전국내집자랑,short,14,26221,95,6,https://www.youtube.com/watch?v=qaflACNo3G4,0,official
UCBKtitA1RwY7F32rCniV1dA,오늘의집,2026-09-25,비싼 조명이 부럽지 않았던 이유 #shorts #전국내집자랑,short,29,51341,214,8,https://www.youtube.com/watch?v=ByRQnxmxja0,0,official
UCBKtitA1RwY7F32rCniV1dA,오늘의집,2026-09-24,전셋집에 못 하나 안 박고 이렇게까지 꾸밀 수 있다고?ㅣ전국내집자랑 EP.13,long,1249,146964,1494,61,https://www.youtube.com/watch?v=3PXSIXGzkQE,0,official
UCBKtitA1RwY7F32rCniV1dA,오늘의집,2026-09-24,내 집 공개했다가 욕먹은 이유 #shorts #집에가고싶다,short,21,33211,373,32,https://www.youtube.com/watch?v=XvBX_UxVLlo,0,official
UCBKtitA1RwY7F32rCniV1dA,오늘의집,2026-09-23,집이 달라지는 가장 쉬운 방법 #shorts #집에가고싶다,short,34,13035,91,0,https://www.youtube.com/watch?v=oza-kj8Fb-0,0,official
UCBKtitA1RwY7F32rCniV1dA,오늘의집,2026-09-21,회사에서 유튜브 하는 사람들의 현실 👀 | 집에가고싶다 ep.2,long,1446,37817,334,73,https://www.youtube.com/watch?v=raIBl2zPujQ,0,official
UCBKtitA1RwY7F32rCniV1dA,오늘의집,2026-09-20,친구를 재워줬다가 침대를 옮긴이유 #shorts #전국내집자랑,short,18,15991,46,3,https://www.youtube.com/watch?v=7uG3tDlYkf8,0,official
UCBKtitA1RwY7F32rCniV1dA,오늘의집,2026-09-19,회색 소파가 마음에 안 들어 직접 꾸며봤습니다 #shorts #전국내집자랑,short,26,21930,80,1,https://www.youtube.com/watch?v=CqOb1YBe3zA,0,official
UCBKtitA1RwY7F32rCniV1dA,오늘의집,2026-09-18,평범한 물건을 특별한 조명으로 바꾸는 방법 #shorts #전국내집자랑,short,39,6820,52,0,https://www.youtube.com/watch?v=C0OogRiQxQY,0,official
UCBKtitA1RwY7F32rCniV1dA,오늘의집,2026-09-17,200만원으로 완성한 유럽풍 9평 집 ㅣ전국내집자랑 ep.12,long,810,83994,651,47,https://www.youtube.com/watch?v=Zaw2zF2hyrE,0,official
UCBKtitA1RwY7F32rCniV1dA,오늘의집,2026-09-16,집을 예쁘게 꾸미면서 관리까지 편하게 하는 법 #shorts #희희락락,short,45,9521,74,1,https://www.youtube.com/watch?v=xDJjIORW_cY,0,official
UCBKtitA1RwY7F32rCniV1dA,오늘의집,2026-09-15,아이와 반려동물이 함께 사는 집에 로봇청소기가 필요한 이유 #shorts #희희락,short,59,7931,64,1,https://www.youtube.com/watch?v=tSXacUh7S-s,0,official
UCBKtitA1RwY7F32rCniV1dA,오늘의집,2026-09-15,책상 정리함을 건축처럼 설계하면 생기는 일 | 2026 오늘의집 디자인어워드 #s,long,80,4294,29,0,https://www.youtube.com/watch?v=bJp2CCoP62k,0,official
UCBKtitA1RwY7F32rCniV1dA,오늘의집,2026-09-14,"애개묘 육아로 매일이 대환장 파티인 거실, 이렇게 바꿨습니다ㅣ희희락락 ep.1",long,951,51065,403,29,https://www.youtube.com/watch?v=uvwvbnYCeOI,0,official
UCBKtitA1RwY7F32rCniV1dA,오늘의집,2026-09-14,장식 하나 없이도 시선을 붙잡는 조명의 비밀 | 2026 오늘의집 디자인어워드 #,long,71,3483,21,0,https://www.youtube.com/watch?v=-3rrMerX2jo,0,official
UCBKtitA1RwY7F32rCniV1dA,오늘의집,2026-09-13,달항아리가 조명이 되면 이런 모습입니다 | 2026 오늘의집 디자인어워드 #sho,long,69,4591,40,0,https://www.youtube.com/watch?v=INS-ySgdgPU,0,official
UCBKtitA1RwY7F32rCniV1dA,오늘의집,2026-09-12,사이즈가 20cm 단위로 나온다고? #shorts #집에가고싶다,short,33,86680,773,13,https://www.youtube.com/watch?v=Z3bH8d_dKbA,0,official
UCBKtitA1RwY7F32rCniV1dA,오늘의집,2026-09-12,세이투셰 대표는 이 그릇의 어디에 반했을까? | 2026 오늘의집 디자인어워드 #,long,69,3163,19,0,https://www.youtube.com/watch?v=08J9cT6qnDE,0,official
UCBKtitA1RwY7F32rCniV1dA,오늘의집,2026-09-11,"투명한 유리 접시는 많지만, 이건 달랐습니다 | 2026 오늘의집 디자인어워드 #",long,68,2802,12,0,https://www.youtube.com/watch?v=5yNyCUvJ5pw,0,official
UCBKtitA1RwY7F32rCniV1dA,오늘의집,2026-09-11,악몽 꿨다던 공간 디자이너의 침대 배치 #shorts #집에가고싶다,short,49,7922,70,2,https://www.youtube.com/watch?v=vDxSwh3HC7U,0,official
UCBKtitA1RwY7F32rCniV1dA,오늘의집,2026-09-11,특별한 러그를 원한다면! | 2026 오늘의집 디자인어워드 #shorts,long,71,4426,56,0,https://www.youtube.com/watch?v=sijkKji0HXY,0,official
UCBKtitA1RwY7F32rCniV1dA,오늘의집,2026-09-10,6평 원룸 바꿔주다가 집에 가고 싶어졌습니다. 🏠 | 집에가고싶다 ep.1,long,1134,91766,715,71,https://www.youtube.com/watch?v=4iw2AyMdpZo,0,official
UCBKtitA1RwY7F32rCniV1dA,오늘의집,2026-09-10,좋은 디자인은 멀티탭에서도 드러납니다 | 2026 오늘의집 디자인어워드 #shor,short,53,3140,19,1,https://www.youtube.com/watch?v=B15FZlyG01c,0,official
UCBKtitA1RwY7F32rCniV1dA,오늘의집,2026-09-10,외국인 친구선물 무조건 이겁니다 | 2026 오늘의집 디자인어워드 #shorts,long,85,3062,26,1,https://www.youtube.com/watch?v=JkPCeJ3j8ZQ,0,official
UCBKtitA1RwY7F32rCniV1dA,오늘의집,2026-09-09,챕터원 대표의 눈을 멈추게 한 작은 책갈피 | 2026 오늘의집 디자인어워드 #s,long,69,2670,17,0,https://www.youtube.com/watch?v=hCnLw96NpP4,0,official
UCBKtitA1RwY7F32rCniV1dA,오늘의집,2026-09-09,의자만 다루는 잡지 편집장은 어떤 의자를 고를까? | 2026 오늘의집 디자인어워,long,89,2706,14,0,https://www.youtube.com/watch?v=_nXE2ZWZV-I,0,official
UCBKtitA1RwY7F32rCniV1dA,오늘의집,2026-09-08,4만 원 이하로 삶이 질이 달라지는 조명 #shorts #비포애프터,short,22,23998,113,3,https://www.youtube.com/watch?v=sjbo43JFgUk,0,official
UCBKtitA1RwY7F32rCniV1dA,오늘의집,2026-09-08,2026 올해의 의자는 바로 이겁니다 | 2026 오늘의집 디자인어워드 #shor,long,73,4558,34,0,https://www.youtube.com/watch?v=_jxo6RM9-Go,0,official
UCBKtitA1RwY7F32rCniV1dA,오늘의집,2026-09-07,주워온 가구에 벌레가 많은 이유 #shorts #비포애프터,short,15,19547,49,1,https://www.youtube.com/watch?v=e1Azv66OE3A,0,official
UCfpdjL5pl-1qKT7Xp4UQzQg,컬리,2026-09-02,수백만 고객 리뷰로 설계한 매일의 피부 변화 │ 듀에라 Dew:Era │ Maki,long,301,2430,28,5,https://www.youtube.com/watch?v=AvOZAzujUQ4,0,official
UCfpdjL5pl-1qKT7Xp4UQzQg,컬리,2026-01-13,"사장님, 이거 저희랑 한번 해보시죠? #shorts",long,109,1011,10,0,https://www.youtube.com/watch?v=PtZAz31MYGA,0,official
UCfpdjL5pl-1qKT7Xp4UQzQg,컬리,2026-01-12,언제 일일이 다 씻어요.. 컬리가 다 해놨습니다! #shorts,long,96,1149,10,0,https://www.youtube.com/watch?v=nS2Lxx6ghp8,0,official
UCfpdjL5pl-1qKT7Xp4UQzQg,컬리,2026-01-10,이게 컬리가 보여주는 과감한 신념입니다 #shorts,long,77,930,6,0,https://www.youtube.com/watch?v=lLxnf8Gbf7Y,0,official
UCfpdjL5pl-1qKT7Xp4UQzQg,컬리,2026-01-09,채소 싫어하는 친구에게 이 영상을 바칩니다🙏 #shorts,long,76,1579,12,0,https://www.youtube.com/watch?v=ozd7mQlPa1w,0,official
UCfpdjL5pl-1qKT7Xp4UQzQg,컬리,2026-01-07,"반찬이랑 9대1로 싸워 이긴 '쌀' 푼다. | 사심리스트 EP10. 쌀, 샐러드",long,1130,6928,97,19,https://www.youtube.com/watch?v=5W_UIw72lHI,0,official
UCfpdjL5pl-1qKT7Xp4UQzQg,컬리,2026-01-06,일단 한번 드셔보세요! 그럼 알게 됩니다 #shorts,long,79,1051,17,0,https://www.youtube.com/watch?v=hpzbT0sVBUk,0,official
UCfpdjL5pl-1qKT7Xp4UQzQg,컬리,2026-01-05,"왼손.. 아니, 만두피는 그저 거들 뿐..! #shorts",long,63,1386,16,0,https://www.youtube.com/watch?v=upc0dYgU1jQ,0,official
UCfpdjL5pl-1qKT7Xp4UQzQg,컬리,2026-01-03,엄마 미안.. 오늘만큼은 이게 더 맛있어 #shorts,long,91,998,16,0,https://www.youtube.com/watch?v=-rA-EqSCqn0,0,official
UCfpdjL5pl-1qKT7Xp4UQzQg,컬리,2026-01-02,이게 치킨이야 만두야? 역대급 만두 등장 #shorts,long,86,786,11,0,https://www.youtube.com/watch?v=xeYvfoj1Qfo,0,official
UCfpdjL5pl-1qKT7Xp4UQzQg,컬리,2025-12-31,"[단독] 만두♡탕, 2025 컬리 겨울 베스트 커플상🏆 수상 확정 | 사심리스트",long,1397,7996,115,9,https://www.youtube.com/watch?v=9YKXwCuRlX0,0,official
UCfpdjL5pl-1qKT7Xp4UQzQg,컬리,2025-12-29,스마트폰과 한 몸인 여러분들을 위한 구원템 등장 #shorts,long,83,713,6,0,https://www.youtube.com/watch?v=tMyN1Zo9e3s,0,official
UCfpdjL5pl-1qKT7Xp4UQzQg,컬리,2025-12-27,발뒤꿈치 각질 없애주는 마법 양말? #shorts,long,67,847,9,0,https://www.youtube.com/watch?v=crJqbZuOiqs,0,official
UCfpdjL5pl-1qKT7Xp4UQzQg,컬리,2025-12-26,내 퍼스널 컬러에 찰떡인 치크 컬러 떠먹여 준다! #shorts,long,95,1729,10,0,https://www.youtube.com/watch?v=arOtT7mQXQg,0,official
UCfpdjL5pl-1qKT7Xp4UQzQg,컬리,2025-12-24,"연예인 파우치 속 꽁꽁 숨겨진 '찐' 관리템, 컬리가 찾아왔습니다! | 사심리스트",long,1066,3360,58,4,https://www.youtube.com/watch?v=U9sgWLniw9M,0,official
UCfpdjL5pl-1qKT7Xp4UQzQg,컬리,2025-12-22,히터 바람 앞에서도 살아남는 법? 겨울 필수템 추천 #shorts,long,85,889,8,0,https://www.youtube.com/watch?v=aRTF9-4bFxY,0,official
UCfpdjL5pl-1qKT7Xp4UQzQg,컬리,2025-12-20,화장 밀리는 게 뭐죠? 이거 하나면 끄떡없음 #shorts,long,76,1324,9,0,https://www.youtube.com/watch?v=oTBt418Dpdo,0,official
UCfpdjL5pl-1qKT7Xp4UQzQg,컬리,2025-12-19,돈 있어도 못 산다는 품절 대란 선크림의 정체 #shorts,long,93,6315,30,0,https://www.youtube.com/watch?v=n23Wae1AouI,0,official
UCfpdjL5pl-1qKT7Xp4UQzQg,컬리,2025-12-17,속광은 꽉! 채우고 화장은 착! 붙는 화잘먹 필승 기초템 공개합니다 | 사심리스트,long,1268,2722,57,9,https://www.youtube.com/watch?v=fHDq08WPj4w,0,official
UCfpdjL5pl-1qKT7Xp4UQzQg,컬리,2025-12-15,키링 사니까 치약을 주네요? #shorts,long,84,780,6,0,https://www.youtube.com/watch?v=TcCb3fsD-Zg,0,official
UCfpdjL5pl-1qKT7Xp4UQzQg,컬리,2025-12-13,※경고※ 제발 콩알만큼만 짜세요 #shorts,long,72,1219,6,0,https://www.youtube.com/watch?v=NzygJwqLOo8,0,official
UCfpdjL5pl-1qKT7Xp4UQzQg,컬리,2025-12-12,한 번 쓰면 못 돌아갑니다 #shorts,long,94,1374,12,1,https://www.youtube.com/watch?v=jb1LY6M3ZYw,0,official
UCfpdjL5pl-1qKT7Xp4UQzQg,컬리,2025-12-10,치아는 리필 안 되세요🙏 평생 쓰는 치아 수명 연장 솔루션 | 사심리스트 EP6,long,1440,2944,66,12,https://www.youtube.com/watch?v=02Et0gulkV0,0,official
UCfpdjL5pl-1qKT7Xp4UQzQg,컬리,2025-12-08,AI가 디자인한 MZ 막걸리? #shorts,long,69,1283,15,0,https://www.youtube.com/watch?v=UmVce21yUqU,0,official
UCfpdjL5pl-1qKT7Xp4UQzQg,컬리,2025-12-06,비행기 표 없이 3초 만에 홍콩 가는 방법 #shorts,long,94,2849,10,0,https://www.youtube.com/watch?v=WUw00WAQdm0,0,official
UCfpdjL5pl-1qKT7Xp4UQzQg,컬리,2025-12-05,이제 말차 맛 막걸리까지 등장 #shorts,long,80,1129,9,0,https://www.youtube.com/watch?v=0cVdl8Uvykg,0,official
UCfpdjL5pl-1qKT7Xp4UQzQg,컬리,2025-12-03,※시청주의※ 술보다 독한 MD들 매력에 흠뻑 취하면 답도 없습니다 | 사심리스트 ,long,1417,3973,76,13,https://www.youtube.com/watch?v=UotqN319RCs,0,official
UCfpdjL5pl-1qKT7Xp4UQzQg,컬리,2025-12-01,찾았다! 내 다이어트 면죄부 #shorts,long,65,1604,18,0,https://www.youtube.com/watch?v=zZXHRid6Dfo,0,official
UCfpdjL5pl-1qKT7Xp4UQzQg,컬리,2025-11-29,솔직히 말해봐요.. 이거 연출이죠? #shorts,short,53,1843,19,1,https://www.youtube.com/watch?v=UegLWOvbzqM,0,official
UCfpdjL5pl-1qKT7Xp4UQzQg,컬리,2025-11-28,술 못 마셔도 파티 분위기 낼 수 있는 치트키 #shorts,short,49,1890,19,0,https://www.youtube.com/watch?v=Kj-8hIo0dWE,0,official
UCaLDuk3BsVLpCfqySwVNQGA,G마켓,2026-09-27,진양철 시력 2.0인 썰,short,31,25736,13,3,https://www.youtube.com/watch?v=WFcNPbwAcFc,0,official
UCaLDuk3BsVLpCfqySwVNQGA,G마켓,2026-09-27,매월 1일 큰거 온다,short,16,48738,14,2,https://www.youtube.com/watch?v=NgojecrM0D8,0,official
UCaLDuk3BsVLpCfqySwVNQGA,G마켓,2026-09-27,1일마다 설레는 진양철,short,31,168526,19,4,https://www.youtube.com/watch?v=lNlg6LMavhQ,0,official
UCaLDuk3BsVLpCfqySwVNQGA,G마켓,2026-09-27,진양철 시야에 들어온 무언가 (15s),short,16,410132,9,2,https://www.youtube.com/watch?v=mxv8SOJvqg0,0,official
UCaLDuk3BsVLpCfqySwVNQGA,G마켓,2026-09-09,내 손주 도준아!!!,short,31,5482093,6032,202,https://www.youtube.com/watch?v=87h6MvNaq-4,0,official
UCaLDuk3BsVLpCfqySwVNQGA,G마켓,2026-09-09,4년 만에 밝혀진 도준이 숨겨진 서사,short,16,2064290,643,24,https://www.youtube.com/watch?v=aWda_f1yZew,0,official
UCaLDuk3BsVLpCfqySwVNQGA,G마켓,2026-09-04,[재벌집 막내아들] 진양철 최애 도준이 등장 (Ep.3),short,31,1638717,903,183,https://www.youtube.com/watch?v=eyrLXfpJCiE,0,official
UCaLDuk3BsVLpCfqySwVNQGA,G마켓,2026-09-04,진양철의 손자 사랑 (15s),short,16,8457731,104,22,https://www.youtube.com/watch?v=E_3L6KJ1aFU,0,official
UCaLDuk3BsVLpCfqySwVNQGA,G마켓,2026-08-31,타협 없는 진양철,short,16,2280848,368,18,https://www.youtube.com/watch?v=RzqzATkjpIk,0,official
UCaLDuk3BsVLpCfqySwVNQGA,G마켓,2026-08-28,압도적인 포스 진양철 대표님(feat.재벌집 막내아들),short,31,6575383,9855,478,https://www.youtube.com/watch?v=xwE5dIW53n4,0,official
UCaLDuk3BsVLpCfqySwVNQGA,G마켓,2026-08-28,레전드 마인드 진양철(feat.재벌집 막내아들),short,31,4954239,3360,126,https://www.youtube.com/watch?v=xAyX0VXEiaM,0,official
UCaLDuk3BsVLpCfqySwVNQGA,G마켓,2026-08-28,열일하는 진양철,short,16,2704355,1022,57,https://www.youtube.com/watch?v=ligeJ1OD7dk,0,official
UCaLDuk3BsVLpCfqySwVNQGA,G마켓,2026-08-28,순양 퇴사한 진양철 근황,short,16,4138536,2524,73,https://www.youtube.com/watch?v=WLBl1-CcJ_g,0,official
UCaLDuk3BsVLpCfqySwVNQGA,G마켓,2026-08-28,[추석 특집] 압도적 포스 진양철 등장 (Ep.2),short,31,919152,1674,313,https://www.youtube.com/watch?v=yz3Fis523xI,0,official
UCaLDuk3BsVLpCfqySwVNQGA,G마켓,2026-08-28,[재벌집 막내아들] 레전드 대표 진양철 등장 (Ep.1),short,31,1364722,801,94,https://www.youtube.com/watch?v=bOFChtC0TyY,0,official
UCaLDuk3BsVLpCfqySwVNQGA,G마켓,2026-08-28,본색 드러난 진양철 (15s),short,16,6570178,241,29,https://www.youtube.com/watch?v=usSiT83835o,0,official
UCaLDuk3BsVLpCfqySwVNQGA,G마켓,2026-08-28,진양철 이대로 괜찮은가 (15s),short,16,4842268,216,25,https://www.youtube.com/watch?v=mSEZ2stuhSo,0,official
UCaLDuk3BsVLpCfqySwVNQGA,G마켓,2026-08-28,순양 퇴사한 진양철 (15s),short,16,9321795,1449,160,https://www.youtube.com/watch?v=zA0-W48flTs,0,official
UCaLDuk3BsVLpCfqySwVNQGA,G마켓,2026-08-27,G마켓X진양철,short,11,3836,47,7,https://www.youtube.com/watch?v=aAtz66234n0,0,official
UCaLDuk3BsVLpCfqySwVNQGA,G마켓,2026-08-27,G마켓X진양철,short,11,786437,578,116,https://www.youtube.com/watch?v=TrQVGoPjXTA,0,official
UCaLDuk3BsVLpCfqySwVNQGA,G마켓,2026-08-24,G마켓 8월 SUPER 마트&리빙,short,17,1346,2,0,https://www.youtube.com/watch?v=2SUK2hHLJRo,0,official
UCaLDuk3BsVLpCfqySwVNQGA,G마켓,2026-08-10,🍔 G마켓 썸머 버거 페스티벌 🌞,short,24,4255,17,2,https://www.youtube.com/watch?v=-1eeZ4Dv5F8,0,official
UCaLDuk3BsVLpCfqySwVNQGA,G마켓,2026-08-10,"🧊 빡새, 이번엔 남극으로 쿨캉스 떠납니다!🐦✈️🏔️",short,20,1480,13,1,https://www.youtube.com/watch?v=OcZih1SR9f0,0,official
UCaLDuk3BsVLpCfqySwVNQGA,G마켓,2026-08-03,장혁 월첫세일 광고 비하인드 대공개,short,36,7873,153,25,https://www.youtube.com/watch?v=nmIvsEZEKOs,0,official
UCaLDuk3BsVLpCfqySwVNQGA,G마켓,2026-07-28,안혁잘부,short,31,3428629,1309,59,https://www.youtube.com/watch?v=1TH1PSDUapo,0,official
UCaLDuk3BsVLpCfqySwVNQGA,G마켓,2026-07-28,자려고 누웠는데 갑자기 장혁,short,31,3569570,2847,79,https://www.youtube.com/watch?v=g_5JCxAXjH0,0,official
UCaLDuk3BsVLpCfqySwVNQGA,G마켓,2026-07-28,장혁 1일이야~호★,short,16,4152068,2741,152,https://www.youtube.com/watch?v=D038Javn15o,0,official
UCaLDuk3BsVLpCfqySwVNQGA,G마켓,2026-07-28,원조 북부대공상 장혁,short,16,1611822,1262,19,https://www.youtube.com/watch?v=yZHUh0K7MYk,0,official
UCaLDuk3BsVLpCfqySwVNQGA,G마켓,2026-07-28,놓치면 손해라는 장혁 대환장 영상 (Ep.1),short,31,1153374,1246,324,https://www.youtube.com/watch?v=Vy-FCwmlC3w,0,official
UCaLDuk3BsVLpCfqySwVNQGA,G마켓,2026-07-28,안 보면 후회한다는 장혁 꺼드럭 영상 (Ep.2),short,31,1279810,1103,186,https://www.youtube.com/watch?v=YMD77PICcd8,0,official
UCunNU27j6xGERWag1pOQxfg,하나투어,2026-09-18,TIP ! 방콕 사원 복장 에티켓,short,53,29761,31,1,https://www.youtube.com/watch?v=N4Nv6L8xyOg,0,official
UCunNU27j6xGERWag1pOQxfg,하나투어,2026-09-18,태국에서만 파는 맥도날드 디저트?,short,36,87708,68,4,https://www.youtube.com/watch?v=j3c1l6YexQM,0,official
UCunNU27j6xGERWag1pOQxfg,하나투어,2026-09-18,태국 거기도 맛있어? 또 여기도 맛있어?,short,52,11799,16,0,https://www.youtube.com/watch?v=bjvsYspaO9o,0,official
UCunNU27j6xGERWag1pOQxfg,하나투어,2026-09-18,[속보] 태국 주류 판매 금지 규정 폐지,short,49,11442,14,0,https://www.youtube.com/watch?v=kiy8n89sfyk,0,official
UCunNU27j6xGERWag1pOQxfg,하나투어,2026-09-18,태국 여행 필수 쇼핑 리스트,short,51,26941,20,0,https://www.youtube.com/watch?v=esxcRcCvwoI,0,official
UCunNU27j6xGERWag1pOQxfg,하나투어,2026-09-17,EP.06 당신의 태국 여행 취향을 찾아드립니다! 태국 BEST 호텔 | 여행의 ,long,3353,18265,71,84,https://www.youtube.com/watch?v=1Jdw19DXHxk,0,official
UCunNU27j6xGERWag1pOQxfg,하나투어,2026-09-11,※ 본 영상은 공포 콘셉트로 연출되었습니다 ※실제 여행은 안전 수칙에 따라 정상 ,short,35,177594,536,52,https://www.youtube.com/watch?v=kQ2vAwu4W3g,0,official
UCunNU27j6xGERWag1pOQxfg,하나투어,2026-09-04,모시모시 와타시와 !@#$@#데스,short,30,180062,385,89,https://www.youtube.com/watch?v=G89UQnfeHPU,0,official
UCunNU27j6xGERWag1pOQxfg,하나투어,2026-09-03,기묘한 미확인 괴생명체 투어 참여 방법,short,21,151281,368,8,https://www.youtube.com/watch?v=2ZxZbJR62To,0,official
UCunNU27j6xGERWag1pOQxfg,하나투어,2026-09-03,현재까지도 미스터리로 남아있는 전세계 괴생명체 TOP3,long,1133,193290,1552,3735,https://www.youtube.com/watch?v=ssBGxQcg9Fk,0,official
UCunNU27j6xGERWag1pOQxfg,하나투어,2026-08-31,오늘 자 공개된 여행사 이벤트 근황,short,46,391087,627,16,https://www.youtube.com/watch?v=a2alCmKnl6Y,0,official
UCunNU27j6xGERWag1pOQxfg,하나투어,2026-08-24,🚨본사보다 싸다고? 절대 바로 결제하지 마세요,short,60,131359,245,5,https://www.youtube.com/watch?v=E6y9SXiBLCM,0,official
UCunNU27j6xGERWag1pOQxfg,하나투어,2026-08-21,홍콩에서 마카오 무료로 가는 꿀팁,short,51,20465,36,1,https://www.youtube.com/watch?v=N5rfunVTUIo,0,official
UCunNU27j6xGERWag1pOQxfg,하나투어,2026-08-21,"마카오 여행, 환전 필수일까요?",short,51,20347,34,1,https://www.youtube.com/watch?v=Nz7akr3q2KE,0,official
UCunNU27j6xGERWag1pOQxfg,하나투어,2026-08-21,홍콩 디저트 차원이 달라,short,39,21259,26,2,https://www.youtube.com/watch?v=kzFIY0WIPDM,0,official
UCunNU27j6xGERWag1pOQxfg,하나투어,2026-08-21,홍콩 맛집 3천원으로 웨이팅 안 하는 방법,short,36,16805,27,1,https://www.youtube.com/watch?v=mJSdB-ruNFY,0,official
UCunNU27j6xGERWag1pOQxfg,하나투어,2026-08-21,"마카오 여행, 당일치기 vs 1박 이상",short,58,148424,89,2,https://www.youtube.com/watch?v=wdK0yZcInbk,0,official
UCunNU27j6xGERWag1pOQxfg,하나투어,2026-08-21,"EP.05 인생샷 찍고, 하루 다섯끼 먹는 홍콩, 마카오 호텔 BEST 4 | 여",long,3121,24467,202,324,https://www.youtube.com/watch?v=vM2PDa-46pg,0,official
UCunNU27j6xGERWag1pOQxfg,하나투어,2026-08-18,움-치킨 움-치킨,long,317,96727,357,563,https://www.youtube.com/watch?v=Vf58b4380RY,0,official
UCunNU27j6xGERWag1pOQxfg,하나투어,2026-08-18,진짜 운전석에 사람이 없다고?! #무인택시,short,54,57327,40,3,https://www.youtube.com/watch?v=nd_bbQposo0,0,official
UCunNU27j6xGERWag1pOQxfg,하나투어,2026-08-18,기썬을 제압해,short,31,107671,100,13,https://www.youtube.com/watch?v=ePdgmRoxZBg,0,official
UCunNU27j6xGERWag1pOQxfg,하나투어,2026-08-11,슈-웅,long,376,90187,317,453,https://www.youtube.com/watch?v=BFRw_4AZPaQ,0,official
UCunNU27j6xGERWag1pOQxfg,하나투어,2026-08-11,드론 배달 vs 인간 배달 누가 더 빨랐다고??,short,58,155442,103,10,https://www.youtube.com/watch?v=OUZuGw6CIuo,0,official
UCunNU27j6xGERWag1pOQxfg,하나투어,2026-08-10,"🚨 여행 결제하기 전, 이것부터 확인하세요!",short,57,89040,221,3,https://www.youtube.com/watch?v=BZsZU9Yja_0,0,official
UCunNU27j6xGERWag1pOQxfg,하나투어,2026-08-07,죄송합니다,short,17,138288,172,10,https://www.youtube.com/watch?v=08uwY8M3eE8,0,official
UCunNU27j6xGERWag1pOQxfg,하나투어,2026-07-30,제발 응모해 주십시오 (댓글 확인),short,14,178152,215,10,https://www.youtube.com/watch?v=KCUinHHX2os,0,official
UCunNU27j6xGERWag1pOQxfg,하나투어,2026-07-30,하지만 내가 해냄,short,21,144778,344,14,https://www.youtube.com/watch?v=6bcsLlYM9eU,0,official
UCunNU27j6xGERWag1pOQxfg,하나투어,2026-07-30,현재까지도 밝혀지지 않은 미스터리 고대 왕릉 TOP3,long,941,173685,602,1391,https://www.youtube.com/watch?v=lSa8Ur9HyYI,0,official
UCunNU27j6xGERWag1pOQxfg,하나투어,2026-07-28,다... 맛있기는 해...,short,23,171783,333,9,https://www.youtube.com/watch?v=hnsfxPpHfRY,0,official
UCunNU27j6xGERWag1pOQxfg,하나투어,2026-07-28,냠-냠,long,443,91451,323,489,https://www.youtube.com/watch?v=qXLYfgRz22Q,0,official
UCSn_zdMoP2yNV5ylHBT6w3g,다나와,2026-09-22,재벌인 내가 저 사내와 결혼하려는데 끝까지 거절하다가 결국 먼저 청혼하게 만들었는,long,121,2004,42,7,https://www.youtube.com/watch?v=Jdu5zJlnki0,0,official
UCSn_zdMoP2yNV5ylHBT6w3g,다나와,2026-09-16,"러닝중, 언제 어떤 '에너지젤'을 먹어야 할까?",long,69,1368,18,1,https://www.youtube.com/watch?v=-8MgeZt46y4,0,official
UCSn_zdMoP2yNV5ylHBT6w3g,다나와,2026-09-11,아이폰 듀오를 왜 살까?,short,58,9234,36,18,https://www.youtube.com/watch?v=ctVC_0zJG9A,0,official
UCSn_zdMoP2yNV5ylHBT6w3g,다나와,2026-09-09,내 얼굴이 이상하게 나오는 이유,long,114,6801,103,6,https://www.youtube.com/watch?v=lxNy-Bo8Mag,0,official
UCSn_zdMoP2yNV5ylHBT6w3g,다나와,2026-09-04,보이스피싱? 스미싱?? 요즘 사기 수법 총정리!📵,short,47,1538,17,1,https://www.youtube.com/watch?v=ror0W-1WoJI,0,official
UCSn_zdMoP2yNV5ylHBT6w3g,다나와,2026-09-01,1분이면 끝나는 갤럭시폰 용량 확보 방법~📱❕❕,long,64,7748,122,3,https://www.youtube.com/watch?v=312aENqJVho,0,official
UCSn_zdMoP2yNV5ylHBT6w3g,다나와,2026-08-29,구형 노트북 느려졌을 때 이 순서대로,long,90,6099,79,7,https://www.youtube.com/watch?v=PPJ8OqBMGBY,0,official
UCSn_zdMoP2yNV5ylHBT6w3g,다나와,2026-08-28,책상 꾸미기 시작했다가 머리 아픈 분들? 꼭 보세요 🤯,long,62,111741,44,3,https://www.youtube.com/watch?v=Rljns1ZWqkw,0,official
UCSn_zdMoP2yNV5ylHBT6w3g,다나와,2026-08-25,한국인 대부분이 모르는 '이온음료'의 진짜 차이!,long,65,3604,63,1,https://www.youtube.com/watch?v=s6XyzfEH8aI,0,official
UCSn_zdMoP2yNV5ylHBT6w3g,다나와,2026-08-23,삼성이 넣어줬는데 잘 모르는 갤럭시 기능,short,50,136038,2306,30,https://www.youtube.com/watch?v=AvRq1me_eGo,0,official
UCSn_zdMoP2yNV5ylHBT6w3g,다나와,2026-08-21,"부모님 스마트폰, 이 9가지는 꼭 설정해 주세요!",short,60,1576,18,1,https://www.youtube.com/watch?v=G8Jj5hc-YKI,0,official
UCSn_zdMoP2yNV5ylHBT6w3g,다나와,2026-08-20,인터넷 가입할 때 호구 안 당하는 방법,short,47,2597,26,2,https://www.youtube.com/watch?v=KSzebA_qYwI,0,official
UCSn_zdMoP2yNV5ylHBT6w3g,다나와,2026-08-14,은근히 유용한 아이폰 기능,short,58,7355,103,2,https://www.youtube.com/watch?v=7vXIGFK1CM0,0,official
UCSn_zdMoP2yNV5ylHBT6w3g,다나와,2026-08-13,K-뷰티가 SPF100 선크림☀️을 안 만드는 진짜 속사정!,long,65,3245,16,3,https://www.youtube.com/watch?v=BvOqaWqXl7M,0,official
UCSn_zdMoP2yNV5ylHBT6w3g,다나와,2026-08-08,컴퓨터 핵심 최적화 설정 5가지,short,57,87871,1582,33,https://www.youtube.com/watch?v=gl9N-SjVJrk,0,official
UCSn_zdMoP2yNV5ylHBT6w3g,다나와,2026-08-07,우리 집 '멀티탭' 멋모르고 사용하면 ㅇㅇ할 수 있다고?,short,44,7000,88,20,https://www.youtube.com/watch?v=xhSikMwBvb4,0,official
UCSn_zdMoP2yNV5ylHBT6w3g,다나와,2026-08-03,한 번 누르면 계속 누르게 되는 '키캡 키링'👍🏻❕❕ #키캡 #키링 #키링추천,short,49,8238,69,1,https://www.youtube.com/watch?v=VtKoXIZZKDI,0,official
UCSn_zdMoP2yNV5ylHBT6w3g,다나와,2026-07-31,안 쓰는 폰으로 와이파이 증폭기 만들기,short,57,366485,3338,116,https://www.youtube.com/watch?v=5LtdI79LeGk,0,official
UCSn_zdMoP2yNV5ylHBT6w3g,다나와,2026-07-29,한번 누르면 멈출 수 없는 '크런치 슬랑이😍'❕ #크런치 #크런치슬랑이 #크런치,short,52,122625,646,29,https://www.youtube.com/watch?v=OA2nrfmOL24,0,official
UCSn_zdMoP2yNV5ylHBT6w3g,다나와,2026-07-27,폴더블폰 왜 삼?,short,43,22317,89,49,https://www.youtube.com/watch?v=m64i0UgX2HI,0,official
UCSn_zdMoP2yNV5ylHBT6w3g,다나와,2026-07-20,누르면 쾌감 쩌는 '왁뿌❕' #slime #왁뿌 #왁뿌볼 #말랑이 #슬랑이 #슬라,short,43,14441,125,5,https://www.youtube.com/watch?v=P2M98mz1yPQ,0,official
UCSn_zdMoP2yNV5ylHBT6w3g,다나와,2026-07-15,"100만 원짜리 스탠바이미, 30만 원으로 대체 가능할까? (와이드뷰 무빙 TV)",long,567,20669,20,5,https://www.youtube.com/watch?v=wQBo1lrJT9c,0,official
UCSn_zdMoP2yNV5ylHBT6w3g,다나와,2026-07-15,피파가 선택한 '눈👀' | 삼성 엘지도 긴장하는 이 회사,long,266,24152,15,2,https://www.youtube.com/watch?v=sdPzx6EoEKI,0,official
UCSn_zdMoP2yNV5ylHBT6w3g,다나와,2026-07-15,삼탠바이미 대체 가성비 무빙 TV,short,54,3256,29,3,https://www.youtube.com/watch?v=2gq_KrdcDpI,0,official
UCSn_zdMoP2yNV5ylHBT6w3g,다나와,2026-07-06,모기 잡으려고 켠 파란 불빛의 반전,short,45,5405,35,3,https://www.youtube.com/watch?v=9MJlVF08D5I,0,official
UCSn_zdMoP2yNV5ylHBT6w3g,다나와,2026-06-29,"AI 에어컨, 삼성·LG·캐리어 뭐가 다를까?",long,65,2107,25,1,https://www.youtube.com/watch?v=xrjS-11TmGA,0,official
UCSn_zdMoP2yNV5ylHBT6w3g,다나와,2026-06-25,[우중 캠핑] 준비물 싸움이 아니라 텐트 성능 싸움!,short,59,2121,12,1,https://www.youtube.com/watch?v=KjtLN2Oiqeo,0,official
UCSn_zdMoP2yNV5ylHBT6w3g,다나와,2026-06-23,해외 출장 갔다 온 에디터의 EDC 26가지,short,46,2982,23,1,https://www.youtube.com/watch?v=SLZy7Wxoojc,0,official
UCSn_zdMoP2yNV5ylHBT6w3g,다나와,2026-06-23,갤럭시 쓰면서 대부분 안 써본 기능,long,590,1288,30,5,https://www.youtube.com/watch?v=TVzbAwHmo88,0,official
UCSn_zdMoP2yNV5ylHBT6w3g,다나와,2026-06-20,고단백인 줄 알았는데? [단백질바] 영양성분 랭킹!,long,78,2001,16,2,https://www.youtube.com/watch?v=Y28YoQl4EG4,0,official
UCmva1CD0owDo2nul7CJT_Sw,때때때 TTT,2026-09-27,파리 가면 꼭 먹어야 하는 음식 BEST 5,short,41,27562,201,5,https://www.youtube.com/watch?v=je6rw-_-dXA,0,stealth
UCmva1CD0owDo2nul7CJT_Sw,때때때 TTT,2026-09-26,미쳐버린 파리 물가,short,46,100652,290,13,https://www.youtube.com/watch?v=XTSxSzkv9Mw,0,stealth
UCmva1CD0owDo2nul7CJT_Sw,때때때 TTT,2026-09-26,루브르 가면 꼭 봐야 하는 작품 BEST 3,short,36,45733,205,3,https://www.youtube.com/watch?v=APn4TfLKiRs,0,stealth
UCmva1CD0owDo2nul7CJT_Sw,때때때 TTT,2026-09-25,루브르 입장 1분 컷 비밀 통로 공개,short,48,66329,502,3,https://www.youtube.com/watch?v=Ls4g282yYMY,0,stealth
UCmva1CD0owDo2nul7CJT_Sw,때때때 TTT,2026-09-25,파리에서 꼭 먹어야 하는 빵 BEST 4,short,52,192695,1818,28,https://www.youtube.com/watch?v=yhP2d8Jd9s8,0,stealth
UCmva1CD0owDo2nul7CJT_Sw,때때때 TTT,2026-09-24,연차없이 1박 3일 프랑스 파리 개빡센 여행 최종판 I 곽범 I 연차없이 어떡행2,long,3671,1799914,9362,873,https://www.youtube.com/watch?v=CYAxsMU63PM,0,stealth
UCmva1CD0owDo2nul7CJT_Sw,때때때 TTT,2026-09-23,파리 지하철에서 500만 원 털릴 뻔함 (선공개),short,37,674903,3465,63,https://www.youtube.com/watch?v=iErdqmxnv40,0,stealth
UCmva1CD0owDo2nul7CJT_Sw,때때때 TTT,2026-09-22,프랑스 여행 마트 안주 추천,short,30,31471,211,4,https://www.youtube.com/watch?v=2yEZEEvx6wI,0,stealth
UCmva1CD0owDo2nul7CJT_Sw,때때때 TTT,2026-09-21,프랑스에서 와인 고르는 법,long,61,17727,136,4,https://www.youtube.com/watch?v=HU0TR6oqAso,0,stealth
UCmva1CD0owDo2nul7CJT_Sw,때때때 TTT,2026-09-20,이래야 개그맨 하는구나,short,52,49958,638,22,https://www.youtube.com/watch?v=bprN81MZUoE,0,stealth
UCmva1CD0owDo2nul7CJT_Sw,때때때 TTT,2026-09-19,에펠탑 피크닉 꿀템,short,41,52080,346,3,https://www.youtube.com/watch?v=cL1hefD_vHg,0,stealth
UCmva1CD0owDo2nul7CJT_Sw,때때때 TTT,2026-09-19,남자 친구가 이런 프로포즈하면 어때?,short,24,29565,171,2,https://www.youtube.com/watch?v=EktuTaWo-Zg,0,stealth
UCmva1CD0owDo2nul7CJT_Sw,때때때 TTT,2026-09-18,결혼 몇 년 차까지 뽀뽀 쪽 가능?,short,31,124247,843,27,https://www.youtube.com/watch?v=fcC-ogktJcs,0,stealth
UCmva1CD0owDo2nul7CJT_Sw,때때때 TTT,2026-09-17,연차없이 프랑스 파리 1박 3일 여행 가능? I 곽범 I 연차없이 어떡행2 EP.,long,2841,3897145,16241,1787,https://www.youtube.com/watch?v=lgu4O2Xa9gY,0,stealth
UCmva1CD0owDo2nul7CJT_Sw,때때때 TTT,2026-09-16,최산 DM 유출,short,31,130777,1030,27,https://www.youtube.com/watch?v=T7A5bL9v8Dk,0,stealth
UCmva1CD0owDo2nul7CJT_Sw,때때때 TTT,2026-09-13,몽골에서 만나면 무조건 도망치세요,short,27,55644,217,2,https://www.youtube.com/watch?v=y5OM9RduD_E,0,stealth
UCmva1CD0owDo2nul7CJT_Sw,때때때 TTT,2026-09-12,해외여행 가면 이런 친구 꼭 있음;,short,51,118716,783,31,https://www.youtube.com/watch?v=jIPiJHAp_Q4,0,stealth
UCmva1CD0owDo2nul7CJT_Sw,때때때 TTT,2026-09-11,말고기를 먹어??,short,48,34555,273,12,https://www.youtube.com/watch?v=CoCq6KsvRPs,0,stealth
UCmva1CD0owDo2nul7CJT_Sw,때때때 TTT,2026-09-10,연차없이 주말 동안 몽골 여행 2일차 I 곽범 I 연차없이 어떡행2 EP.4,long,2783,1171080,5878,447,https://www.youtube.com/watch?v=FOWATwqyYVY,0,stealth
UCmva1CD0owDo2nul7CJT_Sw,때때때 TTT,2026-09-09,딸 바보 아내 천재,short,45,315404,2006,34,https://www.youtube.com/watch?v=dK8RJ59sd-M,0,stealth
UCmva1CD0owDo2nul7CJT_Sw,때때때 TTT,2026-09-08,요즘 몽골 게르 근황,short,42,105553,729,18,https://www.youtube.com/watch?v=_yEqRFT2m8w,0,stealth
UCmva1CD0owDo2nul7CJT_Sw,때때때 TTT,2026-09-07,몽골 여행을 가는 이유,short,28,11058,98,0,https://www.youtube.com/watch?v=iQ-LA7XvlKU,0,stealth
UCmva1CD0owDo2nul7CJT_Sw,때때때 TTT,2026-09-06,한국에 안 파는 몽골 초코파이 모음집,short,19,69494,296,5,https://www.youtube.com/watch?v=FvWrDFkIeSk,0,stealth
UCmva1CD0owDo2nul7CJT_Sw,때때때 TTT,2026-09-05,몽골 동물한테 깝치면 안 되는 이유,short,21,614668,2988,72,https://www.youtube.com/watch?v=uhTmoHL1KN0,0,stealth
UCmva1CD0owDo2nul7CJT_Sw,때때때 TTT,2026-09-05,몽골인이랑 맞다이 뜨는 곽범,short,37,33346,285,5,https://www.youtube.com/watch?v=4ilzqDGXJJs,0,stealth
UCmva1CD0owDo2nul7CJT_Sw,때때때 TTT,2026-09-04,🔥🥚주의,short,24,22739,173,8,https://www.youtube.com/watch?v=t985cvzQIEI,0,stealth
UCmva1CD0owDo2nul7CJT_Sw,때때때 TTT,2026-09-03,연차없이 몽골 2박 3일 대자연 여행 시작 I 곽범 I 연차없이 어떡행2 EP.3,long,4131,3755977,12808,852,https://www.youtube.com/watch?v=tA_qewVfR-w,0,stealth
UCmva1CD0owDo2nul7CJT_Sw,때때때 TTT,2026-09-02,곽범 젖 짜기 (선공개),short,33,77478,468,17,https://www.youtube.com/watch?v=fZvLncpyYU4,0,stealth
UCmva1CD0owDo2nul7CJT_Sw,때때때 TTT,2026-08-27,연착된 김에 인천 5시간 뽕뽑기 여행 I 곽범 I 연차없이 어떡행2 특별편,long,1167,1877907,5432,341,https://www.youtube.com/watch?v=zNlPBR5K8iM,0,stealth
UCmva1CD0owDo2nul7CJT_Sw,때때때 TTT,2026-08-25,⚠️고소공포증 시청 주의⚠️,short,43,29203,185,3,https://www.youtube.com/watch?v=bpgP361BcWs,0,stealth
UC9-21Edb2YUG10tYglTEuUA,킅킅킅,2026-09-27,"모솔녀들의 예능 신고식 | 케이시, AI에게 연애를 배",short,43,619,1,0,https://www.youtube.com/watch?v=J7f1BJVSMnQ,0,stealth
UC9-21Edb2YUG10tYglTEuUA,킅킅킅,2026-09-26,"조진세의 올해 가장 최악의 순간 | 케이시, A",long,75,1327,9,3,https://www.youtube.com/watch?v=mhfxIw2bMKg,0,stealth
UC9-21Edb2YUG10tYglTEuUA,킅킅킅,2026-09-25,"🌕추석 특집🌕 멥쌀가루, 믹서기 없이 송편 빚기 | EP.34 | 곽범, 김원",long,1360,104557,726,117,https://www.youtube.com/watch?v=TBu0-rORI5s,0,stealth
UC9-21Edb2YUG10tYglTEuUA,킅킅킅,2026-09-24,모솔연애2 한수지 치이는 영어 발음 | 케이,short,55,1981,14,0,https://www.youtube.com/watch?v=LNhlagGbolk,0,stealth
UC9-21Edb2YUG10tYglTEuUA,킅킅킅,2026-09-23,곽범 쇼미더머니ㅣ텤도 없는 것들,short,15,10615,39,1,https://www.youtube.com/watch?v=7fElmG7Zte4,0,stealth
UC9-21Edb2YUG10tYglTEuUA,킅킅킅,2026-09-21,곽범의 이선민 꾸미기ㅣ텤도 없는 것들,long,71,4434,26,2,https://www.youtube.com/watch?v=f2iFBTyhIOg,0,stealth
UC9-21Edb2YUG10tYglTEuUA,킅킅킅,2026-09-20,"AI는 이 일을 기억할 것입니다 | 케이시, AI",short,46,14414,105,2,https://www.youtube.com/watch?v=hE948nA6rPM,0,stealth
UC9-21Edb2YUG10tYglTEuUA,킅킅킅,2026-09-19,"AI를 이긴 휴먼 MJ | 케이시, AI에게 연애를 배우다 #랄랄 ",short,30,8172,62,1,https://www.youtube.com/watch?v=UL4Yim_cHA4,0,stealth
UC9-21Edb2YUG10tYglTEuUA,킅킅킅,2026-09-18,모태솔로지만 연애는 하고 싶어서 나온 여자들의 2:1 소개팅 | EP.23 | 랄,long,1069,423334,1266,217,https://www.youtube.com/watch?v=Q7nvDZxv-UU,0,stealth
UC9-21Edb2YUG10tYglTEuUA,킅킅킅,2026-09-18,리어카 퍼레이드 ㅣ텤도 없는 것들,long,76,1617,10,2,https://www.youtube.com/watch?v=fCWQJJm-znQ,0,stealth
UC9-21Edb2YUG10tYglTEuUA,킅킅킅,2026-09-17,"썸 타고 싶은 땐 할리갈리 | 케이시, AI에게 연애",short,32,13157,75,2,https://www.youtube.com/watch?v=8jduBxVkVhU,0,stealth
UC9-21Edb2YUG10tYglTEuUA,킅킅킅,2026-09-16,마법의 양탄자ㅣ텤도 없는 것들,short,38,3827,25,0,https://www.youtube.com/watch?v=Fz95JMGaLM4,0,stealth
UC9-21Edb2YUG10tYglTEuUA,킅킅킅,2026-09-15,"MJ 최유정 이상형 공개 | 케이시, AI에게 연애를 배우다",short,39,8966,81,4,https://www.youtube.com/watch?v=SXF6rwcrjx4,0,stealth
UC9-21Edb2YUG10tYglTEuUA,킅킅킅,2026-09-14,이선민 다라이코스터ㅣ텤도 없는 것들,short,35,8795,63,1,https://www.youtube.com/watch?v=oaQKqs25esE,0,stealth
UC9-21Edb2YUG10tYglTEuUA,킅킅킅,2026-09-13,"할리갈리 할래말래 | 케이시, AI에게 연애를 배우다 #랄랄",short,46,10708,116,1,https://www.youtube.com/watch?v=PKyTIi3PO-A,0,stealth
UC9-21Edb2YUG10tYglTEuUA,킅킅킅,2026-09-12,"조진세 레몬 먹방 | 케이시, AI에게 연애를 배우다 #랄랄 ",short,33,15950,100,4,https://www.youtube.com/watch?v=pkyFWpxbdw8,0,stealth
UC9-21Edb2YUG10tYglTEuUA,킅킅킅,2026-09-11,테마파크에서 리어카 타고 퍼레이드를 한다면? | EP.33 | 텤도 없는 것들 (,long,1289,399361,1090,170,https://www.youtube.com/watch?v=T3uV8j9exRU,0,stealth
UC9-21Edb2YUG10tYglTEuUA,킅킅킅,2026-09-10,해병 정신 곽범 VS 허언증 동호회 김원후,long,84,8758,71,3,https://www.youtube.com/watch?v=dAqDKcl1afo,0,stealth
UC9-21Edb2YUG10tYglTEuUA,킅킅킅,2026-09-09,"갱년기까지 학습한 AI | 케이시, AI에게 연애를 배우다",short,16,27723,157,1,https://www.youtube.com/watch?v=xYViw7S7GI8,0,stealth
UC9-21Edb2YUG10tYglTEuUA,킅킅킅,2026-09-08,"이선민, 김원훈 고점입니다ㅣ텤도 없는 것들",short,56,8292,56,2,https://www.youtube.com/watch?v=f5YzgmCor7U,0,stealth
UC9-21Edb2YUG10tYglTEuUA,킅킅킅,2026-09-07,"2026 소유 이상형 | 케이시, AI에게 연애를 배우다 (Kassy",short,56,14221,190,3,https://www.youtube.com/watch?v=P3ECOORFxhU,0,stealth
UC9-21Edb2YUG10tYglTEuUA,킅킅킅,2026-09-05,신상 운동기구 희태프레스ㅣ텤도 없는 것들,short,47,6592,21,1,https://www.youtube.com/watch?v=nrpktfY4Wyc,0,stealth
UC9-21Edb2YUG10tYglTEuUA,킅킅킅,2026-09-05,"집게 사장이 된 차승.. 아니 이재율 | 케이시, AI에게 ",short,52,21618,187,4,https://www.youtube.com/watch?v=hJsGciMgS0I,0,stealth
UC9-21Edb2YUG10tYglTEuUA,킅킅킅,2026-09-04,"보드게임 카페에서 친구 여사친과 자만추 소개팅 | EP.22 | 랄랄, 조진세, ",long,968,400513,1229,669,https://www.youtube.com/watch?v=FltSbnQE18k,0,stealth
UC9-21Edb2YUG10tYglTEuUA,킅킅킅,2026-09-03,청룡 수상자와 브랜드 평판 3위가 함께라니,short,56,2996,17,0,https://www.youtube.com/watch?v=sDH9DeuyerE,0,stealth
UC9-21Edb2YUG10tYglTEuUA,킅킅킅,2026-09-02,"이재율의 여름 특선 | 케이시, AI에게 연애를 배우다 (K",short,48,35971,613,18,https://www.youtube.com/watch?v=lmaKPPZAc7I,0,stealth
UC9-21Edb2YUG10tYglTEuUA,킅킅킅,2026-08-31,운동인가 고문인가?ㅣ텤도 없는 것들,short,56,21922,174,1,https://www.youtube.com/watch?v=eD4_BH3H13s,0,stealth
UC9-21Edb2YUG10tYglTEuUA,킅킅킅,2026-08-31,선톡은 아닌데 말이 이어져 가면 썸일까,short,58,7278,60,0,https://www.youtube.com/watch?v=CBlx1bGBeHc,0,stealth
UC9-21Edb2YUG10tYglTEuUA,킅킅킅,2026-08-30,"이재율이 미쳐 날뛰고 있습니다 | 케이시, AI에게",short,57,36056,597,23,https://www.youtube.com/watch?v=BiFgIE_27ew,0,stealth
UC9-21Edb2YUG10tYglTEuUA,킅킅킅,2026-08-29,"주식이 어려운 AI | 케이시, AI에게 연애를 배우다 (Kassy",short,56,26960,244,2,https://www.youtube.com/watch?v=bAl0ijDewjk,0,stealth
UCWaWvDRyhmSKOQWah7t7wuA,일일칠 117,2026-09-22,[미공개] 천우희가 가장 무서워하는 것,short,30,14408,498,10,https://www.youtube.com/watch?v=koqoomp9YZs,0,stealth
UCWaWvDRyhmSKOQWah7t7wuA,일일칠 117,2026-09-21,[미공개] 언니! 번호 좀..,short,26,89038,2196,33,https://www.youtube.com/watch?v=7wUz9VgJkyM,0,stealth
UCWaWvDRyhmSKOQWah7t7wuA,일일칠 117,2026-09-17,사나 친구가 겪은 무서운 이야기,short,43,12948,560,10,https://www.youtube.com/watch?v=WUBswgvtNkM,0,stealth
UCWaWvDRyhmSKOQWah7t7wuA,일일칠 117,2026-09-17,천우희의 최애 간식 모음,short,57,46041,929,11,https://www.youtube.com/watch?v=KjEMqek02vM,0,stealth
UCWaWvDRyhmSKOQWah7t7wuA,일일칠 117,2026-09-17,트와이스 사나가 정체를 숨기는 방법,short,35,25735,779,6,https://www.youtube.com/watch?v=CIsic4od1j4,0,stealth
UCWaWvDRyhmSKOQWah7t7wuA,일일칠 117,2026-09-17,[사나의 냉터뷰] 천우희를 좋아하세요? l EP.23 천우희 편,long,2783,549408,7124,411,https://www.youtube.com/watch?v=GqadHJZ_T1A,0,stealth
UCWaWvDRyhmSKOQWah7t7wuA,일일칠 117,2026-09-17,술 마신 다음날 예뻐 보이는 이유,short,25,11734,498,8,https://www.youtube.com/watch?v=GqfYDd9hogQ,0,stealth
UCWaWvDRyhmSKOQWah7t7wuA,일일칠 117,2026-09-16,[선공개] 사나가 기다린 천년의 사랑,long,88,62509,3140,106,https://www.youtube.com/watch?v=pNNItKctiU4,0,stealth
UCWaWvDRyhmSKOQWah7t7wuA,일일칠 117,2026-09-09,[미공개] 사나 탑덕후 미나미,short,27,81091,2806,86,https://www.youtube.com/watch?v=F4Sejc9Q7mE,0,stealth
UCWaWvDRyhmSKOQWah7t7wuA,일일칠 117,2026-09-08,[미공개] 특종💥미나미 이상형 최초공개,short,29,193849,4313,214,https://www.youtube.com/watch?v=f-WQEgejdoo,0,stealth
UCWaWvDRyhmSKOQWah7t7wuA,일일칠 117,2026-09-07,[미공개] 카메라 꺼져도 사나 옆에 딱붙,short,38,1067214,25355,361,https://www.youtube.com/watch?v=Xn0B1x1mrP8,0,stealth
UCWaWvDRyhmSKOQWah7t7wuA,일일칠 117,2026-09-03,사나 언니 싸인 평생 소장해❤️,short,47,455576,17860,417,https://www.youtube.com/watch?v=xmemZv71-Tw,0,stealth
UCWaWvDRyhmSKOQWah7t7wuA,일일칠 117,2026-09-03,이거 맞히면 케이팝 개고수,short,33,36977,1648,29,https://www.youtube.com/watch?v=MoYBLZhngII,0,stealth
UCWaWvDRyhmSKOQWah7t7wuA,일일칠 117,2026-09-03,미나미 옷장 속 소리의 정체😱,short,32,48205,1711,34,https://www.youtube.com/watch?v=4anXtaXFyww,0,stealth
UCWaWvDRyhmSKOQWah7t7wuA,일일칠 117,2026-09-03,순수 찐 노력파 미나미,short,55,48790,2291,60,https://www.youtube.com/watch?v=7A4xcQXtqF0,0,stealth
UCWaWvDRyhmSKOQWah7t7wuA,일일칠 117,2026-09-03,하프물범 불닭까르보 레시피,short,50,110407,2749,41,https://www.youtube.com/watch?v=L3SavJAv8PY,0,stealth
UCWaWvDRyhmSKOQWah7t7wuA,일일칠 117,2026-09-03,[사나의 냉터뷰] 미나미의 꿈★은 이루어진다 l EP.22 리센느(RESCENE),long,3264,3662488,53212,5481,https://www.youtube.com/watch?v=QMyViznjVlE,0,stealth
UCWaWvDRyhmSKOQWah7t7wuA,일일칠 117,2026-09-03,미나미의 다이어트 추천템,short,49,242999,4075,31,https://www.youtube.com/watch?v=aC4ee935LKU,0,stealth
UCWaWvDRyhmSKOQWah7t7wuA,일일칠 117,2026-09-03,일본인 미나미도 멘붕한 사나표 사투리,short,34,133463,3603,78,https://www.youtube.com/watch?v=i2Tt8sa3W8Q,0,stealth
UCWaWvDRyhmSKOQWah7t7wuA,일일칠 117,2026-09-02,[선공개] 냉터뷰 야호~♡ 미나미의 최애 덕질 vlog,long,67,551439,18490,903,https://www.youtube.com/watch?v=T0W1PKp5_xA,0,stealth
UCWaWvDRyhmSKOQWah7t7wuA,일일칠 117,2026-08-28,[미공개] JYP 13년 우정의 현실ㅋㅋ 사나 X 방찬,short,33,279010,6795,74,https://www.youtube.com/watch?v=4sAYi0Jhw48,0,stealth
UCWaWvDRyhmSKOQWah7t7wuA,일일칠 117,2026-08-27,[미공개] 프로 광고 모델 방찬,short,48,138340,10073,82,https://www.youtube.com/watch?v=g2uP-mp4H-Y,0,stealth
UCWaWvDRyhmSKOQWah7t7wuA,일일칠 117,2026-08-25,[미공개] 만능 다지기 처음 써본 사나,short,27,142982,9520,115,https://www.youtube.com/watch?v=HD3HIC_rJlk,0,stealth
UCWaWvDRyhmSKOQWah7t7wuA,일일칠 117,2026-08-24,[미공개] 사나 누나 눈 찔러 주세요(?)👀,short,19,263729,12853,87,https://www.youtube.com/watch?v=quL319YXuBA,0,stealth
UCWaWvDRyhmSKOQWah7t7wuA,일일칠 117,2026-08-20,누난 가면 안 돼 ㅠㅠ,short,28,191101,9343,75,https://www.youtube.com/watch?v=6bIHd8hNs-U,0,stealth
UCWaWvDRyhmSKOQWah7t7wuA,일일칠 117,2026-08-20,[사나의 냉터뷰] 냉터뷰 원래 이래요? 월클⭐초딩들의 창과 창 대결⚔️l EP.2,long,3136,1863470,95581,3118,https://www.youtube.com/watch?v=DJtvljmdGd0,0,stealth
UCWaWvDRyhmSKOQWah7t7wuA,일일칠 117,2026-08-20,감튀 마니아가 선정한 베스트 감자튀김🍟,short,30,82268,6726,42,https://www.youtube.com/watch?v=lBSLEUyK_x0,0,stealth
UCWaWvDRyhmSKOQWah7t7wuA,일일칠 117,2026-08-20,사나도 놀란 방찬의 미친 절대음감,short,41,100273,9092,64,https://www.youtube.com/watch?v=Js74si8TMuA,0,stealth
UCWaWvDRyhmSKOQWah7t7wuA,일일칠 117,2026-08-20,멘붕 온 방찬 밸런스 게임,short,24,80625,7538,56,https://www.youtube.com/watch?v=fAXlDDtO9ac,0,stealth
UCWaWvDRyhmSKOQWah7t7wuA,일일칠 117,2026-08-19,[선공개] 아 누나가 먼저 놀렸다고!😫,short,53,241155,17319,367,https://www.youtube.com/watch?v=Wd28Iusk0zM,0,stealth
